0.7061,0.5953,0.7529,0.751312608
0.7058784,0.613943877,0.751312608,0.749742477
0.705694531,0.632564193,0.749742477,0.748189561
0.70554827,0.651161987,0.748189561,0.746653815
0.705439498,0.669738293,0.746653815,0.745135198
0.705368095,0.688294141,0.745135198,0.743633672
0.705333947,0.706830559,0.743633672,0.7421492
0.705336941,0.725348569,0.7421492,0.740681751
0.705376964,0.743849189,0.740681751,0.739231294
0.705453908,0.762333435,0.739231294,0.737797801
0.705567667,0.780802318,0.737797801,0.736381249
0.705718137,0.799256844,0.736381249,0.734981616
0.705905214,0.817698017,0.734981616,0.733598882
0.7061288,0.836126838,0.733598882,0.732233032
0.706388796,0.854544302,0.732233032,0.730884051
0.706685107,0.872951403,0.730884051,0.729551929
0.707017639,0.89134913,0.729551929,0.728236656
0.707386302,0.909738468,0.728236656,0.726938229
0.707791007,0.928120402,0.726938229,0.725656642
0.708231665,0.946495909,0.725656642,0.724391896
0.708708194,0.964865967,0.724391896,0.723143993
0.70922051,0.983231548,0.723143993,0.721912937
0.709768532,1.001593622,0.721912937,0.720698735
0.710352182,1.019953156,0.720698735,0.719501398
0.710971384,1.038311114,0.719501398,0.718320937
0.711626063,1.056668457,0.718320937,0.717157367
0.712316148,1.075026142,0.717157367,0.716010706
0.713041568,1.093385126,0.716010706,0.714880973
0.713802255,1.111746359,0.714880973,0.713768191
0.714598143,1.130110792,0.713768191,0.712672384
0.715429169,1.148479372,0.712672384,0.71159358
0.716295269,1.166853043,0.71159358,0.710531809
0.717196385,1.185232746,0.710531809,0.709487102
0.718132457,1.203619421,0.709487102,0.708459494
0.719103431,1.222014005,0.708459494,0.707449023
0.720109252,1.240417431,0.707449023,0.706455729
0.721149869,1.258830632,0.706455729,0.705479652
0.72222523,1.277254538,0.705479652,0.704520839
0.723335289,1.295690074,0.704520839,0.703579335
0.724479998,1.314138167,0.703579335,0.70265519
0.725659315,1.33259974,0.70265519,0.701748456
0.726873196,1.351075713,0.701748456,0.700859188
0.728121601,1.369567004,0.700859188,0.699987441
0.729404491,1.388074532,0.699987441,0.699133276
0.730721832,1.406599209,0.699133276,0.698296753
0.732073586,1.425141949,0.698296753,0.697477937
0.733459723,1.443703663,0.697477937,0.696676895
0.734880211,1.462285259,0.696676895,0.695893694
0.736335021,1.480887646,0.695893694,0.695128407
0.737824126,1.499511728,0.695128407,0.694381107
0.739347501,1.518158409,0.694381107,0.693651871
0.740905123,1.536828592,0.693651871,0.692940777
0.74249697,1.555523177,0.692940777,0.692247906
0.744123023,1.574243062,0.692247906,0.691573342
0.745783263,1.592989146,0.691573342,0.690917171
0.747477674,1.611762325,0.690917171,0.690279482
0.749206244,1.630563492,0.690279482,0.689660365
0.750968958,1.649393542,0.689660365,0.689059914
0.752765807,1.668253365,0.689059914,0.688478225
0.754596783,1.687143854,0.688478225,0.687915396
0.756461877,1.706065896,0.687915396,0.687371529
0.758361085,1.725020381,0.687371529,0.686846726
0.760294403,1.744008196,0.686846726,0.686341095
0.762261831,1.763030225,0.686341095,0.685854743
0.764263368,1.782087354,0.685854743,0.685387781
0.766299016,1.801180468,0.685387781,0.684940323
0.768368779,1.820310448,0.684940323,0.684512485
0.770472662,1.839478176,0.684512485,0.684104386
0.772610673,1.858684534,0.684104386,0.683716147
0.774782821,1.877930402,0.683716147,0.683347892
0.776989116,1.897216659,0.683347892,0.682999748
0.779229571,1.916544184,0.682999748,0.682671843
0.7815042,1.935913854,0.682671843,0.68236431
0.783813019,1.955326547,0.68236431,0.682077282
0.786156046,1.974783139,0.682077282,0.681810897
0.788533301,1.994284506,0.681810897,0.681565294
0.790944803,2.013831523,0.681565294,0.681340616
0.793390577,2.033425066,0.681340616,0.681137008
0.795870645,2.053066008,0.681137008,0.680954618
0.798385036,2.072755223,0.680954618,0.680793596
0.800933777,2.092493585,0.680793596,0.680654095
0.803516896,2.112281966,0.680654095,0.680536272
0.806134426,2.13212124,0.680536272,0.680440285
0.8087864,2.152012279,0.680440285,0.680366295
0.811472852,2.171955955,0.680366295,0.680314469
0.814193818,2.19195314,0.680314469,0.680284971
0.816949337,2.212004706,0.680284971,0.680277974
0.819739447,2.232111525,0.680277974,0.680293649
0.822564191,2.252274467,0.680293649,0.680332173
0.825423612,2.272494405,0.680332173,0.680393725
0.828317754,2.292772209,0.680393725,0.680478485
0.831246663,2.313108752,0.680478485,0.68058664
0.834210387,2.333504904,0.68058664,0.680718376
0.837208976,2.353961538,0.680718376,0.680873885
0.840242481,2.374479524,0.680873885,0.68105336
0.843310955,2.395059735,0.68105336,0.681256998
0.846414453,2.415703042,0.681256998,0.681484998
0.84955303,2.436410318,0.681484998,0.681737565
0.852726744,2.457182435,0.681737565,0.682014903
0.855935656,2.478020265,0.682014903,0.682317222
0.859179825,2.498924682,0.682317222,0.682644736
0.862459315,2.51989656,0.682644736,0.682997658
0.865774189,2.540936771,0.682997658,0.683376208
0.869124514,2.562046189,0.683376208,0.683780609
0.872510358,2.583225691,0.683780609,0.684211085
0.875931788,2.604476149,0.684211085,0.684667866
0.879388877,2.625798441,0.684667866,0.685151183
0.882881696,2.647193442,0.685151183,0.685661271
0.88641032,2.668662028,0.685661271,0.686198371
0.889974823,2.690205078,0.686198371,0.686762723
0.893575284,2.711823469,0.686762723,0.687354574
0.89721178,2.733518079,0.687354574,0.687974174
0.900884392,2.755289788,0.687974174,0.688621773
0.904593203,2.777139476,0.688621773,0.68929763
0.908338296,2.799068024,0.68929763,0.690002004
0.912119755,2.821076313,0.690002004,0.690735158
0.915937668,2.843165225,0.690735158,0.69149736
0.919792124,2.865335644,0.69149736,0.69228888
0.923683211,2.887588454,0.69228888,0.693109993
0.927611021,2.90992454,0.693109993,0.693960978
0.931575648,2.932344788,0.693960978,0.694842116
0.935577186,2.954850084,0.694842116,0.695753694
0.939615732,2.977441316,0.695753694,0.696696002
0.943691383,3.000119375,0.696696002,0.697669333
0.947804239,3.022885148,0.697669333,0.698673984
0.951954401,3.045739527,0.698673984,0.699710259
0.956141971,3.068683405,0.699710259,0.700778462
0.960367054,3.091717675,0.700778462,0.701878903
0.964629755,3.11484323,0.701878903,0.703011896
0.968930182,3.138060967,0.703011896,0.70417776
0.973268444,3.161371781,0.70417776,0.705376816
0.977644651,3.184776572,0.705376816,0.706609391
0.982058915,3.208276238,0.706609391,0.707875816
0.986511349,3.231871679,0.707875816,0.709176425
0.99100207,3.255563798,0.709176425,0.710511558
0.995531193,3.279353497,0.710511558,0.711881559
1.000098838,3.30324168,0.711881559,0.713286777
1.004705124,3.327229254,0.713286777,0.714727563
1.009350172,3.351317125,0.714727563,0.716204275
1.014034106,3.375506203,0.716204275,0.717717276
1.01875705,3.399797396,0.717717276,0.71926693
1.023519131,3.424191616,0.71926693,0.720853611
1.028320476,3.448689777,0.720853611,0.722477693
1.033161214,3.473292792,0.722477693,0.724139557
1.038041477,3.498001577,0.724139557,0.725839589
1.042961398,3.52281705,0.725839589,0.727578179
1.047921109,3.547740129,0.727578179,0.729355722
1.052920747,3.572771736,0.729355722,0.731172619
1.057960449,3.597912791,0.731172619,0.733029275
1.063040354,3.623164219,0.733029275,0.7349261
1.068160601,3.648526945,0.7349261,0.73686351
1.073321334,3.674001896,0.73686351,0.738841925
1.078522695,3.69959,0.738841925,0.740861772
1.08376483,3.725292188,0.740861772,0.742923481
1.089047884,3.751109391,0.742923481,0.745027489
1.094372007,3.777042543,0.745027489,0.747174239
1.099737349,3.80309258,0.747174239,0.749364177
1.105144059,3.829260437,0.749364177,0.751597757
1.110592292,3.855547055,0.751597757,0.753875438
1.116082201,3.881953374,0.753875438,0.756197682
1.121613944,3.908480335,0.756197682,0.758564961
1.127187676,3.935128883,0.758564961,0.76097775
1.132803559,3.961899964,0.76097775,0.76343653
1.138461752,3.988794526,0.76343653,0.76594179
1.144162417,4.015813517,0.76594179,0.768494021
1.149905719,4.042957889,0.768494021,0.771093724
1.155691824,4.070228596,0.771093724,0.773741404
1.161520897,4.097626591,0.773741404,0.776437572
1.167393109,4.125152833,0.776437572,0.779182747
1.173308628,4.152808279,0.779182747,0.781977452
1.179267627,4.180593891,0.781977452,0.784822218
1.18527028,4.20851063,0.784822218,0.787717582
1.191316761,4.236559461,0.787717582,0.790664086
1.197407246,4.264741349,0.790664086,0.79366228
1.203541914,4.293057264,0.79366228,0.796712722
1.209720945,4.321508175,0.796712722,0.799815974
1.215944519,4.350095053,0.799815974,0.802972605
1.22221282,4.378818872,0.802972605,0.806183194
1.228526033,4.407680609,0.806183194,0.809448322
1.234884342,4.43668124,0.809448322,0.812768581
1.241287935,4.465821746,0.812768581,0.816144569
1.247737003,4.495103106,0.816144569,0.81957689
1.254231735,4.524526305,0.81957689,0.823066156
1.260772324,4.554092328,0.823066156,0.826612987
1.267358964,4.583802162,0.826612987,0.830218008
1.273991851,4.613656796,0.830218008,0.833881855
1.280671181,4.64365722,0.833881855,0.837605168
1.287397153,4.673804427,0.837605168,0.841388596
1.294169967,4.704099412,0.841388596,0.845232798
1.300989826,4.734543172,0.845232798,0.849138436
1.307856933,4.765136705,0.849138436,0.853106184
1.314771493,4.795881011,0.853106184,0.857136722
1.321733712,4.826777092,0.857136722,0.861230738
1.328743798,4.857825952,0.861230738,0.865388929
1.335801963,4.889028597,0.865388929,0.869611999
1.342908416,4.920386036,0.869611999,0.873900661
1.350063371,4.951899276,0.873900661,0.878255637
1.357267043,4.98356933,0.878255637,0.882677657
1.364519648,5.01539721,0.882677657,0.887167458
1.371821403,5.047383932,0.887167458,0.891725787
1.379172528,5.079530512,0.891725787,0.896353401
1.386573244,5.111837969,0.896353401,0.901051063
1.394023773,5.144307322,0.901051063,0.905819546
1.40152434,5.176939594,0.905819546,0.910659635
1.409075171,5.209735807,0.910659635,0.915572118
1.416676492,5.242696989,0.915572118,0.920557798
1.424328533,5.275824164,0.920557798,0.925617484
1.432031524,5.309118362,0.925617484,0.930751996
1.439785698,5.342580613,0.930751996,0.935962162
1.447591288,5.376211948,0.935962162,0.94124882
1.455448529,5.410013402,0.94124882,0.946612819
1.463357659,5.443986008,0.946612819,0.952055017
1.471318916,5.478130803,0.952055017,0.957576281
1.479332539,5.512448826,0.957576281,0.963177489
1.487398772,5.546941114,0.963177489,0.968859529
1.495517857,5.58160871,0.968859529,0.9746233
1.503690038,5.616452654,0.9746233,0.980469708
1.511915563,5.651473991,0.980469708,0.986399674
1.52019468,5.686673766,0.986399674,0.992414126
1.528527639,5.722053023,0.992414126,0.998514004
1.536914689,5.757612812,0.998514004,1.00470026
1.545356086,5.793354179,1.00470026,1.010973854
1.553852082,5.829278176,1.010973854,1.01733576
1.562402934,5.865385852,1.01733576,1.023786961
1.5710089,5.90167826,1.023786961,1.030328451
1.579670238,5.938156453,1.030328451,1.036961238
1.588387211,5.974821484,1.036961238,1.043686338
1.597160079,6.011674408,1.043686338,1.050504781
1.605989108,6.048716282,1.050504781,1.057417607
1.614874562,6.085948161,1.057417607,1.06442587
1.62381671,6.123371104,1.06442587,1.071530633
1.632815818,6.160986168,1.071530633,1.078732974
1.641872159,6.198794413,1.078732974,1.08603398
1.650986004,6.236796897,1.08603398,1.093434754
1.660157625,6.274994682,1.093434754,1.100936408
1.6693873,6.313388826,1.100936408,1.108540069
1.678675303,6.351980393,1.108540069,1.116246875
1.688021913,6.390770442,1.116246875,1.124057977
1.69742741,6.429760036,1.124057977,1.13197454
1.706892075,6.468950236,1.13197454,1.139997741
1.716416191,6.508342106,1.139997741,1.148128771
1.726000043,6.547936707,1.148128771,1.156368833
1.735643917,6.587735101,1.156368833,1.164719145
1.745348099,6.627738351,1.164719145,1.173180938
1.755112879,6.667947519,1.173180938,1.181755456
1.764938549,6.708363667,1.181755456,1.190443958
1.774825399,6.748987857,1.190443958,1.199247716
1.784773724,6.78982115,1.199247716,1.208168016
1.794783819,6.830864607,1.208168016,1.21720616
1.80485598,6.872119289,1.21720616,1.226363463
1.814990507,6.913586256,1.226363463,1.235641254
1.825187698,6.955266566,1.235641254,1.245040877
1.835447856,6.997161277,1.245040877,1.254563693
1.845771283,7.039271448,1.254563693,1.264211075
1.856158283,7.081598135,1.264211075,1.273984412
1.866609163,7.124142393,1.273984412,1.28388511
1.877124229,7.166905276,1.28388511,1.293914588
1.887703792,7.209887838,1.293914588,1.304074282
1.89834816,7.253091129,1.304074282,1.314365642
1.909057646,7.296516199,1.314365642,1.324790137
1.919832563,7.340164097,1.324790137,1.33534925
1.930673226,7.384035869,1.33534925,1.346044479
1.941579951,7.428132561,1.346044479,1.35687734
1.952553056,7.472455214,1.35687734,1.367849366
1.963592861,7.517004869,1.367849366,1.378962104
1.974699685,7.561782565,1.378962104,1.390217122
1.98587385,7.606789338,1.390217122,1.401616
1.997115681,7.65202622,1.401616,1.413160339
2.008425502,7.697494244,1.413160339,1.424851755
2.01980364,7.743194437,1.424851755,1.436691883
2.031250421,7.789127823,1.436691883,1.448682374
2.042766176,7.835295426,1.448682374,1.460824897
2.054351235,7.881698264,1.460824897,1.473121141
2.066005929,7.928337353,1.473121141,1.48557281
2.077730592,7.975213705,1.48557281,1.498181628
2.089525558,8.022328328,1.498181628,1.510949337
2.101391163,8.069682226,1.510949337,1.523877697
2.113327746,8.117276401,1.523877697,1.536968489
2.125335643,8.165111848,1.536968489,1.55022351
2.137415195,8.213189561,1.55022351,1.563644576
2.149566744,8.261510525,1.563644576,1.577233526
2.161790632,8.310075725,1.577233526,1.590992214
2.174087202,8.358886139,1.590992214,1.604922515
2.1864568,8.407942738,1.604922515,1.619026325
2.198899772,8.457246492,1.619026325,1.633305559
2.211416465,8.506798363,1.633305559,1.647762152
2.224007229,8.556599307,1.647762152,1.662398058
2.236672413,8.606650275,1.662398058,1.677215254
2.249412369,8.656952212,1.677215254,1.692215735
2.262227448,8.707506057,1.692215735,1.707401519
2.275118006,8.758312743,1.707401519,1.722774643
2.288084395,8.809373195,1.722774643,1.738337167
2.301126973,8.860688331,1.738337167,1.75409117
2.314246095,8.912259063,1.75409117,1.770038754
2.327442121,8.964086296,1.770038754,1.786182043
2.34071541,9.016170926,1.786182043,1.802523181
2.354066321,9.068513843,1.802523181,1.819064336
2.367495216,9.121115927,1.819064336,1.835807696
2.381002457,9.173978051,1.835807696,1.852755473
2.394588408,9.227101079,1.852755473,1.869909901
2.408253434,9.280485867,1.869909901,1.887273236
2.421997899,9.33413326,1.887273236,1.904847759
2.435822169,9.388044096,1.904847759,1.922635771
2.449726613,9.442219202,1.922635771,1.940639598
2.463711598,9.496659396,1.940639598,1.958861589
2.477777494,9.551365485,1.958861589,1.977304116
2.49192467,9.606338267,1.977304116,1.995969577
2.506153497,9.661578526,1.995969577,2.01486039
2.520464347,9.717087039,2.01486039,2.033979
2.534857593,9.77286457,2.033979,2.053327876
2.549333606,9.828911871,2.053327876,2.072909511
2.563892763,9.885229683,2.072909511,2.092726421
2.578535437,9.941818733,2.092726421,2.112781149
2.593262003,9.998679737,2.112781149,2.133076262
2.608072839,10.0558134,2.133076262,2.153614352
2.62296832,10.11322041,2.153614352,2.174398038
2.637948824,10.17090144,2.174398038,2.19542996
2.653014729,10.22885715,2.19542996,2.216712789
2.668166414,10.2870882,2.216712789,2.238249218
2.683404258,10.34559521,2.238249218,2.260041968
2.69872864,10.40437881,2.260041968,2.282093784
2.71413994,10.46343959,2.282093784,2.30440744
2.729638539,10.52277815,2.30440744,2.326985734
2.745224819,10.58239505,2.326985734,2.349831493
2.760899159,10.64229085,2.349831493,2.372947567
2.776661942,10.70246609,2.372947567,2.396336837
2.792513551,10.76292128,2.396336837,2.420002209
2.808454366,10.82365694,2.420002209,2.443946617
2.824484771,10.88467354,2.443946617,2.46817302
2.840605149,10.94597155,2.46817302,2.492684409
2.856815882,11.00755142,2.492684409,2.517483798
2.873117353,11.06941357,2.517483798,2.542574232
2.889509945,11.13155841,2.542574232,2.567958783
2.905994042,11.19398634,2.567958783,2.59364055
2.922570027,11.25669771,2.59364055,2.619622663
2.939238282,11.31969288,2.619622663,2.645908277
2.955999191,11.38297217,2.645908277,2.672500578
2.972853137,11.44653587,2.672500578,2.69940278
2.989800503,11.51038427,2.69940278,2.726618125
3.00684167,11.57451762,2.726618125,2.754149886
3.023977022,11.63893616,2.754149886,2.782001361
3.04120694,11.7036401,2.782001361,2.810175883
3.058531807,11.76862961,2.810175883,2.838676808
3.075952002,11.83390486,2.838676808,2.867507527
3.093467908,11.89946598,2.867507527,2.896671456
3.111079904,11.96531307,2.896671456,2.926172044
3.12878837,12.03144622,2.926172044,2.956012768
3.146593686,12.09786547,2.956012768,2.986197134
3.16449623,12.16457086,2.986197134,3.01672868
3.182496379,12.23156237,3.01672868,3.047610973
3.200594511,12.29883998,3.047610973,3.078847611
3.218791002,12.36640362,3.078847611,3.110442219
3.237086227,12.4342532,3.110442219,3.142398456
3.255480561,12.50238859,3.142398456,3.17472001
3.273974377,12.57080964,3.17472001,3.207410599
3.292568048,12.63951616,3.207410599,3.240473971
3.311261944,12.70850793,3.240473971,3.273913905
3.330056436,12.7777847,3.273913905,3.307734212
3.348951892,12.84734618,3.307734212,3.341938732
3.367948681,12.91719204,3.341938732,3.376531335
3.387047168,12.98732193,3.376531335,3.411515924
3.406247717,13.05773546,3.411515924,3.44689643
3.425550693,13.12843219,3.44689643,3.482676816
3.444956456,13.19941166,3.482676816,3.518861076
3.464465366,13.27067336,3.518861076,3.555453235
3.484077782,13.34221675,3.555453235,3.592457347
3.50379406,13.41404123,3.592457347,3.629877499
3.523614554,13.48614619,3.629877499,3.667717807
3.543539618,13.55853097,3.667717807,3.705982417
3.5635696,13.63119484,3.705982417,3.744675509
3.583704851,13.70413707,3.744675509,3.78380129
3.603945715,13.77735686,3.78380129,3.823364
3.624292538,13.85085336,3.823364,3.863367907
3.644745659,13.92462571,3.863367907,3.903817312
3.665305419,13.99867297,3.903817312,3.944716544
3.685972154,14.07299417,3.944716544,3.986069964
3.706746198,14.14758828,3.986069964,4.027881964
3.727627883,14.22245423,4.027881964,4.070156962
3.748617535,14.29759092,4.070156962,4.11289941
3.769715482,14.37299715,4.11289941,4.156113788
3.790922045,14.44867173,4.156113788,4.199804606
3.812237545,14.52461337,4.199804606,4.243976404
3.833662296,14.60082076,4.243976404,4.288633749
3.855196613,14.67729251,4.288633749,4.333781241
3.876840805,14.75402719,4.333781241,4.379423506
3.898595178,14.83102333,4.379423506,4.425565199
3.920460034,14.90827937,4.425565199,4.472211005
3.942435673,14.98579372,4.472211005,4.519365637
3.964522389,15.06356472,4.519365637,4.567033835
3.986720474,15.14159066,4.567033835,4.615220368
4.009030214,15.21986975,4.615220368,4.663930031
4.031451893,15.29840017,4.663930031,4.713167649
4.05398579,15.37718002,4.713167649,4.762938071
4.076632178,15.45620732,4.762938071,4.813246175
4.099391328,15.53548007,4.813246175,4.864096864
4.122263506,15.61499617,4.864096864,4.915495068
4.145248971,15.69475346,4.915495068,4.967445742
4.16834798,15.77474973,4.967445742,5.019953866
4.191560784,15.85498268,5.019953866,5.073024446
4.214887627,15.93544996,5.073024446,5.126662511
4.238328752,16.01614913,5.126662511,5.180873117
4.261884393,16.09707771,5.180873117,5.235661339
4.28555478,16.17823311,5.235661339,5.29103228
4.309340136,16.2596127,5.29103228,5.346991062
4.333240681,16.34121375,5.346991062,5.403542832
4.357256627,16.42303348,5.403542832,5.460692756
4.381388181,16.50506901,5.460692756,5.518446022
4.405635543,16.58731739,5.518446022,5.576807841
4.429998906,16.66977561,5.576807841,5.635783442
4.45447846,16.75244055,5.635783442,5.695378071
4.479074384,16.83530903,5.695378071,5.755596998
4.503786853,16.91837778,5.755596998,5.816445507
4.528616035,17.00164345,5.816445507,5.8779289
4.55356209,17.08510261,5.8779289,5.940052499
4.578625171,17.16875173,5.940052499,6.002821638
4.603805424,17.25258721,6.002821638,6.066241668
4.629102988,17.33660535,6.066241668,6.130317955
4.654517993,17.42080237,6.130317955,6.195055879
4.680050561,17.5051744,6.195055879,6.260460831
4.705700809,17.58971747,6.260460831,6.326538216
4.731468842,17.67442752,6.326538216,6.393293451
4.75735476,17.7593004,6.393293451,6.460731961
4.783358651,17.84433186,6.460731961,6.528859181
4.809480597,17.92951758,6.528859181,6.597680557
4.835720671,18.01485309,6.597680557,6.66720154
4.862078936,18.10033388,6.66720154,6.737427588
4.888555446,18.1859553,6.737427588,6.808364165
4.915150246,18.27171261,6.808364165,6.88001674
4.94186337,18.35760097,6.88001674,6.952390784
4.968694846,18.44361544,6.952390784,7.025491773
4.995644687,18.52975097,7.025491773,7.09932518
5.022712899,18.61600241,7.09932518,7.173896481
5.049899478,18.7023645,7.173896481,7.249211152
5.077204408,18.78883186,7.249211152,7.325274662
5.104627663,18.87539903,7.325274662,7.40209248
5.132169206,18.9620604,7.40209248,7.479670069
5.159828988,19.04881029,7.479670069,7.558012886
5.187606951,19.13564287,7.558012886,7.637126379
5.215503023,19.22255222,7.637126379,7.717015988
5.243517121,19.3095323,7.717015988,7.797687142
5.271649152,19.39657694,7.797687142,7.879145258
5.299899007,19.48367987,7.879145258,7.961395739
5.328266569,19.57083469,7.961395739,8.044443975
5.356751705,19.65803488,8.044443975,8.128295336
5.385354271,19.7452738,8.128295336,8.212955176
5.414074111,19.8325447,8.212955176,8.298428829
5.442911052,19.91984068,8.298428829,8.384721607
5.471864911,20.00715474,8.384721607,8.471838797
5.500935491,20.09447974,8.471838797,8.559785664
5.530122579,20.18180841,8.559785664,8.648567443
5.559425951,20.26913337,8.648567443,8.738189343
5.588845366,20.3564471,8.738189343,8.828656539
5.618380569,20.44374193,8.828656539,8.919974178
5.648031292,20.53101009,8.919974178,9.012147367
5.677797249,20.61824366,9.012147367,9.105181181
5.707678142,20.7054346,9.105181181,9.199080655
5.737673655,20.79257471,9.199080655,9.293850781
5.767783457,20.87965567,9.293850781,9.389496512
5.798007202,20.96666903,9.389496512,9.486022752
5.828344525,21.0536062,9.486022752,9.583434362
5.858795049,21.14045843,9.583434362,9.68173615
5.889358375,21.22721686,9.68173615,9.780932875
5.920034092,21.31387246,9.780932875,9.881029239
5.950821769,21.40041609,9.881029239,9.982029889
5.981720958,21.48683843,9.982029889,10.08393941
6.012731193,21.57313007,10.08393941,10.18676234
6.04385199,21.65928139,10.18676234,10.29050313
6.075082849,21.74528268,10.29050313,10.39516619
6.106423249,21.83112406,10.39516619,10.50075583
6.137872651,21.9167955,10.50075583,10.60727631
6.169430496,22.00228684,10.60727631,10.71473182
6.201096209,22.08758775,10.71473182,10.82312646
6.232869192,22.17268778,10.82312646,10.93246425
6.264748829,22.25757629,10.93246425,11.04274914
6.296734484,22.34224254,11.04274914,11.15398497
6.3288255,22.42667561,11.15398497,11.26617553
6.3610212,22.51086442,11.26617553,11.37932448
6.393320887,22.59479777,11.37932448,11.49343541
6.425723841,22.67846428,11.49343541,11.6085118
6.458229322,22.76185244,11.6085118,11.72455703
6.490836568,22.84495058,11.72455703,11.84157438
6.523544796,22.92774687,11.84157438,11.95956704
6.5563532,23.01022934,11.95956704,12.07853805
6.589260952,23.09238585,12.07853805,12.19849037
6.622267202,23.17420413,12.19849037,12.31942683
6.655371076,23.25567175,12.31942683,12.44135015
6.688571677,23.33677611,12.44135015,12.56426292
6.721868086,23.41750448,12.56426292,12.68816759
6.755259359,23.49784396,12.68816759,12.81306651
6.788744528,23.57778152,12.81306651,12.93896187
6.822322602,23.65730395,12.93896187,13.06585573
6.855992565,23.7363979,13.06585573,13.19375002
6.889753375,23.81504989,13.19375002,13.3226465
6.923603969,23.89324625,13.3226465,13.45254682
6.957543253,23.97097319,13.45254682,13.58345244
6.991570113,24.04821675,13.58345244,13.7153647
7.025683406,24.12496283,13.7153647,13.84828474
7.059881965,24.2011972,13.84828474,13.98221358
7.094164596,24.27690544,13.98221358,14.11715204
7.128530077,24.35207302,14.11715204,14.25310079
7.162977163,24.42668524,14.25310079,14.39006031
7.197504579,24.50072728,14.39006031,14.52803091
7.232111025,24.57418416,14.52803091,14.66701272
7.266795171,24.64704075,14.66701272,14.80700568
7.301555662,24.7192818,14.80700568,14.94800955
7.336391114,24.7908919,14.94800955,15.09002387
7.371300116,24.86185551,15.09002387,15.233048
7.406281227,24.93215697,15.233048,15.37708111
7.441332978,25.00178045,15.37708111,15.52212213
7.476453873,25.07071001,15.52212213,15.66816981
7.511642385,25.13892958,15.66816981,15.81522267
7.54689696,25.20642295,15.81522267,15.96327902
7.582216012,25.27317378,15.96327902,16.11233694
7.617597927,25.33916563,16.11233694,16.26239429
7.653041063,25.4043819,16.26239429,16.41344868
7.688543744,25.46880589,16.41344868,16.56549751
7.724104269,25.5324208,16.56549751,16.71853793
7.759720902,25.59520966,16.71853793,16.87256685
7.795391879,25.65715545,16.87256685,17.02758092
7.831115406,25.718241,17.02758092,17.18357655
7.866889658,25.77844904,17.18357655,17.34054989
7.902712776,25.8377622,17.34054989,17.49849684
7.938582875,25.89616301,17.49849684,17.65741302
7.974498035,25.9536339,17.65741302,17.81729378
8.010456307,26.0101572,17.81729378,17.97813423
8.046455709,26.06571517,17.97813423,18.13992916
8.082494228,26.12028995,18.13992916,18.30267311
8.118569819,26.17386363,18.30267311,18.46636032
8.154680407,26.22641819,18.46636032,18.63098475
8.190823883,26.27793556,18.63098475,18.79654007
8.226998106,26.32839758,18.79654007,18.96301964
8.263200905,26.37778603,18.96301964,19.13041653
8.299430075,26.42608262,19.13041653,19.29872351
8.33568338,26.47326903,19.29872351,19.46793304
8.371958551,26.51932685,19.46793304,19.63803725
8.408253288,26.56423763,19.63803725,19.80902799
8.444565257,26.60798289,19.80902799,19.98089677
8.480892092,26.65054411,19.98089677,20.15363476
8.517231396,26.69190271,20.15363476,20.32723285
8.553580739,26.73204012,20.32723285,20.50168156
8.589937657,26.77093771,20.50168156,20.67697109
8.626299658,26.80857686,20.67697109,20.85309132
8.662664212,26.84493893,20.85309132,21.03003177
8.699028761,26.88000526,21.03003177,21.20778162
8.735390714,26.91375721,21.20778162,21.38632972
8.771747447,26.94617613,21.38632972,21.56566456
8.808096305,26.9772434,21.56566456,21.74577428
8.844434599,27.0069404,21.74577428,21.92664667
8.880759611,27.03524855,21.92664667,22.10826915
8.917068588,27.0621493,22.10826915,22.29062881
8.95335875,27.08762411,22.29062881,22.47371235
8.989627281,27.11165454,22.47371235,22.65750612
9.025871335,27.13422215,22.65750612,22.8419961
9.062088037,27.15530859,22.8419961,23.02716791
9.098274478,27.17489557,23.02716791,23.21300679
9.13442772,27.19296486,23.21300679,23.39949761
9.170544794,27.20949834,23.39949761,23.58662487
9.206622701,27.22447796,23.58662487,23.7743727
9.242658412,27.23788576,23.7743727,23.96272485
9.278648867,27.2497039,23.96272485,24.15166468
9.314590977,27.25991466,24.15166468,24.3411752
9.350481624,27.26850041,24.3411752,24.53123901
9.386317662,27.27544369,24.53123901,24.72183835
9.422095914,27.28072713,24.72183835,24.91295508
9.457813176,27.28433356,24.91295508,25.10457066
9.493466217,27.28624592,25.10457066,25.29666619
9.529051776,27.28644734,25.29666619,25.48922239
9.564566567,27.2849211,25.48922239,25.68221957
9.600007276,27.28165068,25.68221957,25.8756377
9.635370563,27.27661973,25.8756377,26.06945633
9.670653062,27.26981213,26.06945633,26.26365468
9.70585138,27.26121194,26.26365468,26.45821154
9.740962101,27.25080344,26.45821154,26.65310535
9.775981784,27.23857114,26.65310535,26.84831418
9.810906962,27.22449978,26.84831418,27.04381571
9.845734148,27.20857436,27.04381571,27.23958725
9.880459828,27.19078013,27.23958725,27.43560576
9.915080469,27.17110257,27.43560576,27.63184782
9.949592513,27.14952749,27.63184782,27.82828963
9.983992383,27.12604092,27.82828963,28.02490704
10.01827648,27.10062924,28.02490704,28.22167555
10.05244119,27.07327908,28.22167555,28.41857029
10.08648286,27.04397742,28.41857029,28.61556606
10.12039785,27.01271154,28.61556606,28.81263727
10.15418248,26.97946906,28.81263727,29.00975802
10.18783305,26.94423792,29.00975802,29.20690206
10.22134586,26.90700644,29.20690206,29.40404281
10.25471718,26.86776327,29.40404281,29.60115334
10.28794327,26.82649744,29.60115334,29.79820642
10.32102038,26.78319837,29.79820642,29.99517447
10.35394474,26.73785585,29.99517447,30.19202962
10.38671256,26.69046006,30.19202962,30.38874368
10.41932006,26.64100162,30.38874368,30.58528815
10.45176342,26.58947154,30.58528815,30.78163425
10.48403884,26.53586124,30.78163425,30.97775289
10.51614248,26.48016262,30.97775289,31.17361471
10.54807052,26.42236799,31.17361471,31.36919007
10.57981912,26.36247011,31.36919007,31.56444906
10.61138442,26.30046221,31.56444906,31.75936152
10.64276257,26.23633801,31.75936152,31.953897
10.67394972,26.17009168,31.953897,32.14802485
10.70494201,26.10171789,32.14802485,32.34171416
10.73573556,26.03121181,32.34171416,32.5349338
10.76632651,25.9585691,32.5349338,32.7276524
10.796711,25.88378596,32.7276524,32.91983842
10.82688515,25.80685907,32.91983842,33.11146008
10.85684509,25.72778569,33.11146008,33.30248544
10.88658698,25.64656357,33.30248544,33.49288236
10.91610693,25.56319104,33.49288236,33.68261853
10.9454011,25.47766696,33.68261853,33.8716615
10.97446563,25.38999075,33.8716615,34.05997865
11.00329668,25.30016241,34.05997865,34.24753723
11.03189041,25.20818251,34.24753723,34.43430437
11.06024299,25.11405218,34.43430437,34.62024708
11.08835061,25.01777316,34.62024708,34.80533226
11.11620946,24.91934776,34.80533226,34.98952673
11.14381574,24.81877892,34.98952673,35.17279723
11.17116566,24.71607014,35.17279723,35.35511042
11.19825547,24.61122556,35.35511042,35.53643291
11.22508141,24.50424993,35.53643291,35.71673129
11.25163975,24.39514861,35.71673129,35.8959721
11.27792677,24.28392758,35.8959721,36.07412186
11.30393877,24.17059346,36.07412186,36.25114711
11.32967208,24.05515349,36.25114711,36.42701439
11.35512304,23.93761554,36.42701439,36.60169025
11.38028802,23.81798814,36.60169025,36.77514131
11.40516342,23.69628044,36.77514131,36.94733422
11.42974566,23.57250224,36.94733422,37.1182357
11.45403117,23.44666398,37.1182357,37.28781256
11.47801644,23.31877676,37.28781256,37.45603169
11.50169796,23.18885232,37.45603169,37.62286012
11.52507227,23.05690305,37.62286012,37.78826497
11.54813593,22.92294199,37.78826497,37.95221351
11.57088554,22.78698283,37.95221351,38.11467318
11.59331773,22.64903992,38.11467318,38.27561156
11.61542918,22.50912826,38.27561156,38.43499645
11.63721658,22.3672635,38.43499645,38.59279582
11.65867667,22.22346192,38.59279582,38.74897785
11.67980624,22.07774048,38.74897785,38.90351098
11.70060211,21.93011676,38.90351098,39.05636385
11.72106114,21.780609,39.05636385,39.2075054
11.74118024,21.62923607,39.2075054,39.35690481
11.76095635,21.47601749,39.35690481,39.50453157
11.78038647,21.32097342,39.50453157,39.65035545
11.79946764,21.16412461,39.65035545,39.79434658
11.81819696,21.0054925,39.79434658,39.93647537
11.83657155,20.84509909,39.93647537,40.07671261
11.8545886,20.68296705,40.07671261,40.21502944
11.87224536,20.51911962,40.21502944,40.35139738
11.88953911,20.35358068,40.35139738,40.48578835
11.90646719,20.18637467,40.48578835,40.61817465
11.92302701,20.01752667,40.61817465,40.74852903
11.93921601,19.84706231,40.74852903,40.87682465
11.9550317,19.6750078,40.87682465,41.00303513
11.97047165,19.50138995,41.00303513,41.12713454
11.98553349,19.32623609,41.12713454,41.24909743
12.00021489,19.14957415,41.24909743,41.36889884
12.01451361,18.97143256,41.36889884,41.48651431
12.02842745,18.79184031,41.48651431,41.6019199
12.04195427,18.61082691,41.6019199,41.71509217
12.05509202,18.42842238,41.71509217,41.82600825
12.06783868,18.24465726,41.82600825,41.93464581
12.08019232,18.05956257,41.93464581,42.04098308
12.09215106,17.8731698,42.04098308,42.14499886
12.1037131,17.68551095,42.14499886,42.24667254
12.11487669,17.49661843,42.24667254,42.34598413
12.12564018,17.30652513,42.34598413,42.4429142
12.13600194,17.11526436,42.4429142,42.53744397
12.14596047,16.92286986,42.53744397,42.6295553
12.15551429,16.72937577,42.6295553,42.71923065
12.16466201,16.53481663,42.71923065,42.80645316
12.17340232,16.33922735,42.80645316,42.8912066
12.18173397,16.14264321,42.8912066,42.97347544
12.18965579,15.94509985,42.97347544,43.05324478
12.19716668,15.74663324,43.05324478,43.13050044
12.20426561,15.54727967,43.13050044,43.2052289
12.21095164,15.34707574,43.2052289,43.27741736
12.21722389,15.14605835,43.27741736,43.3470537
12.22308156,14.94426466,43.3470537,43.41412652
12.22852392,14.74173211,43.41412652,43.47862514
12.23355034,14.53849836,43.47862514,43.54053959
12.23816023,14.33460132,43.54053959,43.59986063
12.24235312,14.13007911,43.59986063,43.65657976
12.24612857,13.92497003,43.65657976,43.71068918
12.24948625,13.71931257,43.71068918,43.76218188
12.2524259,13.51314539,43.76218188,43.81105154
12.25494734,13.30650727,43.81105154,43.85729261
12.25705046,13.09943716,43.85729261,43.9009003
12.25873524,12.89197409,43.9009003,43.94187053
12.26000171,12.68415719,43.94187053,43.98019999
12.26085003,12.47602567,43.98019999,44.01588614
12.26128038,12.26761881,44.01588614,44.04892716
12.26129305,12.05897592,44.04892716,44.07932199
12.26088842,11.85013635,44.07932199,44.10707033
12.26006691,11.64113944,44.10707033,44.13217262
12.25882906,11.43202454,44.13217262,44.15463006
12.25717545,11.22283097,44.15463006,44.17444459
12.25510676,11.013598,44.17444459,44.19161889
12.25262374,10.80436486,44.19161889,44.20615639
12.24972723,10.59517068,44.20615639,44.21806126
12.24641811,10.38605451,44.21806126,44.2273384
12.24269739,10.1770553,44.2273384,44.23399344
12.2385661,9.968211851,44.23399344,44.23803274
12.23402539,9.759562837,44.23803274,44.23946339
12.22907647,9.55114677,44.23946339,44.23829319
12.22372061,9.343001983,44.23829319,44.23453066
12.21795917,9.135166622,44.23453066,44.228185
12.21179359,8.927678623,44.228185,44.21926614
12.20522536,8.720575698,44.21926614,44.20778469
12.19825606,8.513895324,44.20778469,44.19375194
12.19088734,8.307674721,44.19375194,44.17717986
12.18312091,8.101950841,44.17717986,44.1580811
12.17495857,7.896760352,44.1580811,44.13646894
12.16640217,7.692139624,44.13646894,44.11235736
12.15745365,7.488124713,44.11235736,44.08576093
12.14811499,7.284751351,44.08576093,44.0566949
12.13838826,7.082054926,44.0566949,44.02517511
12.1282756,6.880070474,44.02517511,43.99121804
12.11777919,6.678832663,43.99121804,43.95484074
12.10690129,6.478375781,43.95484074,43.91606089
12.09564424,6.278733724,43.91606089,43.87489672
12.08401042,6.07993998,43.87489672,43.83136706
12.07200228,5.882027622,43.83136706,43.78549126
12.05962233,5.685029295,43.78549126,43.73728926
12.04687315,5.488977203,43.73728926,43.6867815
12.03375735,5.293903098,43.6867815,43.63398896
12.02027765,5.099838273,43.63398896,43.57893313
12.00643677,4.906813547,43.57893313,43.52163599
11.99223752,4.714859258,43.52163599,43.46212
11.97768276,4.524005253,43.46212,43.40040812
11.96277541,4.33428088,43.40040812,43.33652372
11.94751842,4.145714975,43.33652372,43.27049067
11.93191481,3.958335861,43.27049067,43.20233322
11.91596765,3.772171331,43.20233322,43.13207607
11.89968006,3.587248649,43.13207607,43.05974431
11.8830552,3.403594536,43.05974431,42.98536343
11.86609628,3.221235169,42.98536343,42.90895928
11.84880656,3.040196168,42.90895928,42.83055808
11.83118933,2.860502598,42.83055808,42.75018641
11.81324796,2.682178955,42.75018641,42.66787116
11.79498582,2.505249166,42.66787116,42.58363954
11.77640635,2.329736585,42.58363954,42.4975191
11.75751301,2.155663983,42.4975191,42.40953763
11.73830931,1.983053549,42.40953763,42.31972322
11.7187988,1.811926886,42.31972322,42.22810423
11.69898506,1.642305004,42.22810423,42.13470926
11.6788717,1.47420832,42.13470926,42.03956712
11.65846237,1.307656656,42.03956712,41.94270688
11.63776076,1.142669234,41.94270688,41.84415777
11.61677058,0.979264678,41.84415777,41.74394924
11.59549556,0.817461009,41.74394924,41.64211091
11.57393949,0.657275645,41.64211091,41.53867255
11.55210617,0.498725403,41.53867255,41.43366408
11.52999941,0.341826495,41.43366408,41.32711557
11.50762306,0.18659453,41.32711557,41.21905719
11.484981,0.033044513,41.21905719,41.10951922
11.46207713,-0.118809152,41.10951922,40.99853204
11.43891536,-0.268952664,40.99853204,40.88612609
11.41549962,-0.417372819,40.88612609,40.7723319
11.39183388,-0.564057014,40.7723319,40.65718004
11.36792209,-0.70899324,40.65718004,40.54070111
11.34376826,-0.852170083,40.54070111,40.42292576
11.31937639,-0.99357672,40.42292576,40.30388462
11.29475048,-1.133202916,40.30388462,40.18360835
11.26989457,-1.27103902,40.18360835,40.06212758
11.24481271,-1.407075962,40.06212758,39.93947294
11.21950893,-1.541305252,39.93947294,39.81567499
11.1939873,-1.67371897,39.81567499,39.69076427
11.16825189,-1.804309767,39.69076427,39.56477124
11.14230677,-1.933070857,39.56477124,39.43772632
11.11615601,-2.059996015,39.43772632,39.30965981
11.08980371,-2.185079569,39.30965981,39.18060195
11.06325394,-2.308316397,39.18060195,39.05058285
11.0365108,-2.429701919,39.05058285,38.91963253
11.00957837,-2.549232094,38.91963253,38.78778088
10.98246075,-2.666903412,38.78778088,38.65505763
10.95516202,-2.782712889,38.65505763,38.52149241
10.92768627,-2.896658059,38.52149241,38.38711466
10.90003759,-3.008736969,38.38711466,38.25195367
10.87222004,-3.118948172,38.25195367,38.11603857
10.8442377,-3.22729072,38.11603857,37.97939829
10.81609464,-3.333764156,37.97939829,37.84206159
10.78779493,-3.438368509,37.84206159,37.70405701
10.7593426,-3.541104282,37.70405701,37.5654129
10.73074171,-3.641972452,37.5654129,37.4261574
10.70199628,-3.740974455,37.4261574,37.28631842
10.67311034,-3.838112182,37.28631842,37.14592365
10.64408789,-3.93338797,37.14592365,37.00500052
10.61493294,-4.026804598,37.00500052,36.86357626
10.58564946,-4.11836527,36.86357626,36.72167782
10.55624143,-4.208073616,36.72167782,36.5793319
10.5267128,-4.295933679,36.5793319,36.43656496
10.49706751,-4.381949908,36.43656496,36.29340316
10.46730948,-4.46612715,36.29340316,36.14987242
10.4374426,-4.548470641,36.14987242,36.00599836
10.40747078,-4.628985996,36.00599836,35.86180633
10.37739786,-4.707679203,35.86180633,35.71732138
10.34722771,-4.784556616,35.71732138,35.57256829
10.31696414,-4.859624941,35.57256829,35.42757154
10.28661096,-4.932891232,35.42757154,35.28235528
10.25617196,-5.00436288,35.28235528,35.13694339
10.22565089,-5.074047605,35.13694339,34.99135944
10.19505149,-5.141953449,34.99135944,34.84562667
10.16437748,-5.208088765,34.84562667,34.69976801
10.13363255,-5.272462209,34.69976801,34.5538061
10.10282036,-5.335082734,34.5538061,34.40776324
10.07194455,-5.395959577,34.40776324,34.2616614
10.04100874,-5.455102254,34.2616614,34.11552224
10.01001652,-5.512520548,34.11552224,33.96936709
9.978971448,-5.568224507,33.96936709,33.82321696
9.947877056,-5.622224426,33.82321696,33.67709252
9.916736853,-5.674530848,33.67709252,33.53101411
9.885554318,-5.72515455,33.53101411,33.38500174
9.8543329,-5.774106535,33.38500174,33.2390751
9.823076021,-5.821398029,33.2390751,33.09325353
9.791787073,-5.867040464,33.09325353,32.94755605
9.760469418,-5.911045477,32.94755605,32.80200132
9.729126388,-5.953424901,32.80200132,32.65660769
9.697761286,-5.994190754,32.65660769,32.51139317
9.666377382,-6.033355233,32.51139317,32.36637544
9.634977917,-6.070930707,32.36637544,32.22157182
9.603566099,-6.106929707,32.22157182,32.07699932
9.572145108,-6.141364921,32.07699932,31.93267462
9.540718088,-6.174249186,31.93267462,31.78861405
9.509288153,-6.205595476,31.78861405,31.64483362
9.477858386,-6.235416904,31.64483362,31.501349
9.446431835,-6.263726704,31.501349,31.35817553
9.415011518,-6.290538232,31.35817553,31.21532824
9.383600419,-6.315864955,31.21532824,31.07282181
9.352201488,-6.339720445,31.07282181,30.93067061
9.320817644,-6.362118373,30.93067061,30.78888868
9.289451772,-6.383072501,30.78888868,30.64748973
9.258106724,-6.402596676,30.64748973,30.50648717
9.226785317,-6.420704822,30.50648717,30.36589407
9.195490336,-6.437410936,30.36589407,30.22572321
9.164224534,-6.452729081,30.22572321,30.08598702
9.132990627,-6.466673379,30.08598702,29.94669765
9.101791299,-6.479258006,29.94669765,29.80786694
9.0706292,-6.490497183,29.80786694,29.6695064
9.039506947,-6.500405177,29.6695064,29.53162726
9.008427123,-6.508996286,29.53162726,29.39424043
8.977392276,-6.516284843,29.39424043,29.25735655
8.946404922,-6.522285201,29.25735655,29.12098593
8.915467542,-6.527011737,29.12098593,28.9851386
8.884582583,-6.530478839,28.9851386,28.84982432
8.85375246,-6.532700905,28.84982432,28.71505254
8.822979554,-6.533692338,28.71505254,28.58083243
8.79226621,-6.53346754,28.58083243,28.44717289
8.761614742,-6.532040906,28.44717289,28.31408254
8.731027431,-6.529426821,28.31408254,28.18156971
8.700506523,-6.525639658,28.18156971,28.04964249
8.67005423,-6.520693767,28.04964249,27.91830868
8.639672734,-6.514603476,27.91830868,27.78757581
8.609364182,-6.507383086,27.78757581,27.65745118
8.579130687,-6.499046866,27.65745118,27.5279418
8.548974332,-6.489609048,27.5279418,27.39905446
8.518897165,-6.479083825,27.39905446,27.27079566
8.488901203,-6.467485348,27.27079566,27.1431717
8.45898843,-6.454827719,27.1431717,27.01618859
8.429160798,-6.441124991,27.01618859,26.88985214
8.399420226,-6.426391161,26.88985214,26.76416791
8.369768604,-6.410640172,26.76416791,26.63914122
8.340207786,-6.393885903,26.63914122,26.51477718
8.310739599,-6.376142172,26.51477718,26.39108065
8.281365835,-6.35742273,26.39108065,26.26805629
8.252088258,-6.337741257,26.26805629,26.14570854
8.222908599,-6.317111364,26.14570854,26.02404162
8.193828559,-6.295546583,26.02404162,25.90305954
8.164849809,-6.273060372,25.90305954,25.78276612
8.135973988,-6.249666108,25.78276612,25.66316496
8.107202708,-6.225377085,25.66316496,25.54425946
8.078537549,-6.200206512,25.54425946,25.42605283
8.049980061,-6.174167514,25.42605283,25.3085481
8.021531765,-6.147273123,25.3085481,25.19174809
7.993194156,-6.119536283,25.19174809,25.07565545
7.964968695,-6.090969844,25.07565545,24.96027266
7.936856818,-6.061586561,24.96027266,24.84560198
7.908859931,-6.031399094,24.84560198,24.73164555
7.880979413,-6.000420003,24.73164555,24.61840531
7.853216614,-5.968661749,24.61840531,24.50588304
7.825572857,-5.936136691,24.50588304,24.39408035
7.798049438,-5.902857088,24.39408035,24.2829987
7.770647625,-5.868835091,24.2829987,24.17263938
7.74336866,-5.834082748,24.17263938,24.06300356
7.716213757,-5.798612001,24.06300356,23.95409222
7.689184105,-5.762434683,23.95409222,23.84590622
7.662280868,-5.725562519,23.84590622,23.73844627
7.635505181,-5.688007123,23.73844627,23.63171294
7.608858156,-5.64978,23.63171294,23.52570666
7.58234088,-5.610892544,23.52570666,23.42042774
7.555954413,-5.571356034,23.42042774,23.31587636
7.529699792,-5.531181639,23.31587636,23.21205255
7.503578029,-5.490380412,23.21205255,23.10895624
7.477590113,-5.448963294,23.10895624,23.00658725
7.451737006,-5.406941111,23.00658725,22.90494524
7.42601965,-5.364324571,22.90494524,22.80402981
7.400438961,-5.32112427,22.80402981,22.70384041
7.374995835,-5.277350685,22.70384041,22.60437639
7.349691142,-5.233014179,22.60437639,22.50563702
7.324525731,-5.188124998,22.50563702,22.40762143
7.29950043,-5.14269327,22.40762143,22.31032868
7.274616042,-5.096729007,22.31032868,22.21375773
7.249873352,-5.050242104,22.21375773,22.11790742
7.225273121,-5.003242338,22.11790742,22.02277655
7.20081609,-4.95573937,22.02277655,21.92836377
7.176502979,-4.907742744,21.92836377,21.83466771
7.152334488,-4.859261886,21.83466771,21.74168686
7.128311295,-4.810306105,21.74168686,21.64941967
7.10443406,-4.760884595,21.64941967,21.55786449
7.080703423,-4.711006431,21.55786449,21.46701961
7.057120003,-4.660680574,21.46701961,21.37688325
7.033684402,-4.609915867,21.37688325,21.28745353
7.010397202,-4.558721038,21.28745353,21.19872854
6.987258965,-4.5071047,21.19872854,21.11070629
6.964270238,-4.45507535,21.11070629,21.02338473
6.941431547,-4.402641372,21.02338473,20.93676173
6.918743401,-4.349811033,20.93676173,20.85083514
6.896206292,-4.296592489,20.85083514,20.76560273
6.873820694,-4.242993781,20.76560273,20.68106221
6.851587065,-4.189022837,20.68106221,20.59721125
6.829505846,-4.134687475,20.59721125,20.51404749
6.807577459,-4.079995398,20.51404749,20.43156847
6.785802313,-4.024954201,20.43156847,20.34977175
6.7641808,-3.969571367,20.34977175,20.26865479
6.742713296,-3.913854269,20.26865479,20.18821505
6.721400161,-3.85781017,20.18821505,20.10844992
6.70024174,-3.801446227,20.10844992,20.02935678
6.679238364,-3.744769488,20.02935678,19.95093295
6.658390348,-3.687786892,19.95093295,19.87317574
6.637697994,-3.630505275,19.87317574,19.79608241
6.617161587,-3.572931365,19.79608241,19.71965019
6.596781401,-3.515071785,19.71965019,19.6438763
6.576557695,-3.456933056,19.6438763,19.56875791
6.556490714,-3.398521593,19.56875791,19.49429218
6.536580689,-3.339843711,19.49429218,19.42047624
6.51682784,-3.280905622,19.42047624,19.34730721
6.497232373,-3.221713437,19.34730721,19.27478217
6.477794482,-3.162273168,19.27478217,19.20289819
6.458514346,-3.102590727,19.20289819,19.13165234
6.439392136,-3.042671928,19.13165234,19.06104164
6.420428008,-2.982522488,19.06104164,18.99106313
6.401622107,-2.922148026,18.99106313,18.9217138
6.382974567,-2.861554069,18.9217138,18.85299067
6.36448551,-2.800746045,18.85299067,18.78489072
6.346155046,-2.739729291,18.78489072,18.71741093
6.327983278,-2.678509049,18.71741093,18.65054828
6.309970293,-2.617090472,18.65054828,18.58429972
6.292116172,-2.555478619,18.58429972,18.51866222
6.274420982,-2.49367846,18.51866222,18.45363273
6.256884783,-2.431694877,18.45363273,18.38920821
6.239507624,-2.369532662,18.38920821,18.3253856
6.222289543,-2.30719652,18.3253856,18.26216186
6.205230571,-2.244691072,18.26216186,18.19953394
6.188330728,-2.18202085,18.19953394,18.13749878
6.171590025,-2.119190304,18.13749878,18.07605334
6.155008464,-2.056203799,18.07605334,18.01519458
6.138586039,-1.99306562,18.01519458,17.95491946
6.122322736,-1.929779967,17.95491946,17.89522494
6.106218531,-1.866350962,17.89522494,17.83610799
6.090273392,-1.802782647,17.83610799,17.7775656
6.07448728,-1.739078983,17.7775656,17.71959474
6.058860147,-1.675243856,17.71959474,17.66219242
6.043391939,-1.611281075,17.66219242,17.60535564
6.028082593,-1.547194371,17.60535564,17.54908141
6.012932039,-1.482987401,17.54908141,17.49336676
5.9979402,-1.418663751,17.49336676,17.43820872
5.983106992,-1.354226929,17.43820872,17.38360434
5.968432325,-1.289680375,17.38360434,17.3295507
5.953916099,-1.225027456,17.3295507,17.27604485
5.939558212,-1.160271468,17.27604485,17.2230839
5.925358553,-1.095415641,17.2230839,17.17066494
5.911317004,-1.030463133,17.17066494,17.11878511
5.897433444,-0.965417038,17.11878511,17.06744153
5.883707743,-0.90028038,17.06744153,17.01663137
5.870139767,-0.835056121,17.01663137,16.96635179
5.856729375,-0.769747156,16.96635179,16.91659998
5.843476422,-0.704356317,16.91659998,16.86737316
5.830380756,-0.638886374,16.86737316,16.81866855
5.817442222,-0.573340034,16.81866855,16.77048339
5.804660658,-0.507719945,16.77048339,16.72281496
5.792035897,-0.442028691,16.72281496,16.67566054
5.779567767,-0.376268802,16.67566054,16.62901744
5.767256094,-0.310442746,16.62901744,16.58288299
5.755100697,-0.244552935,16.58288299,16.53725455
5.743101389,-0.178601724,16.53725455,16.49212947
5.731257983,-0.112591413,16.49212947,16.44750517
5.719570284,-0.046524247,16.44750517,16.40337906
5.708038095,0.019597584,16.40337906,16.35974858
5.696661214,0.08577194,16.35974858,16.31661119
5.685439436,0.151996737,16.31661119,16.2739644
5.67437255,0.21826994,16.2739644,16.23180571
5.663460345,0.284589565,16.23180571,16.19013265
5.652702603,0.350953677,16.19013265,16.1489428
5.642099106,0.417360391,16.1489428,16.10823374
5.631649628,0.48380787,16.10823374,16.06800309
5.621353945,0.550294323,16.06800309,16.02824848
5.611211825,0.616818006,16.02824848,15.98896758
5.601223038,0.683377222,15.98896758,15.95015808
5.591387346,0.749970316,15.95015808,15.9118177
5.581704512,0.81659568,15.9118177,15.87394418
5.572174294,0.883251746,15.87394418,15.8365353
5.562796449,0.949936991,15.8365353,15.79958884
5.55357073,1.016649932,15.79958884,15.76310265
5.544496889,1.083389128,15.76310265,15.72707455
5.535574673,1.150153178,15.72707455,15.69150245
5.52680383,1.21694072,15.69150245,15.65638423
5.518184104,1.283750431,15.65638423,15.62171785
5.509715237,1.350581025,15.62171785,15.58750125
5.501396968,1.417431254,15.58750125,15.55373243
5.493229037,1.484299906,15.55373243,15.52040941
5.485211179,1.551185804,15.52040941,15.48753023
5.477343128,1.618087808,15.48753023,15.45509297
5.469624617,1.685004811,15.45509297,15.42309574
5.462055378,1.751935738,15.42309574,15.39153665
5.454635138,1.81887955,15.39153665,15.36041388
5.447363627,1.885835238,15.36041388,15.3297256
5.44024057,1.952801824,15.3297256,15.29947005
5.433265693,2.019778363,15.29947005,15.26964545
5.426438718,2.086763938,15.26964545,15.2402501
5.419759369,2.153757663,15.2402501,15.21128228
5.413227365,2.22075868,15.21128228,15.18274033
5.406842428,2.287766158,15.18274033,15.15462261
5.400604275,2.354779295,15.15462261,15.12692752
5.394512625,2.421797316,15.12692752,15.09965346
5.388567195,2.48881947,15.09965346,15.07279889
5.382767699,2.555845035,15.07279889,15.04636228
5.377113854,2.622873311,15.04636228,15.02034213
5.371605373,2.689903622,15.02034213,14.99473699
5.366241969,2.756935318,14.99473699,14.96954541
5.361023356,2.823967771,14.96954541,14.94476597
5.355949245,2.891000375,14.94476597,14.92039732
5.351019347,2.958032545,14.92039732,14.89643808
5.346233374,3.02506372,14.89643808,14.87288694
5.341591034,3.092093356,14.87288694,14.84974261
5.337092039,3.159120932,14.84974261,14.82700381
5.332736097,3.226145945,14.82700381,14.80466932
5.328522916,3.293167912,14.80466932,14.78273792
5.324452206,3.360186366,14.78273792,14.76120844
5.320523675,3.42720086,14.76120844,14.74007972
5.316737029,3.494210963,14.74007972,14.71935064
5.313091977,3.561216261,14.71935064,14.69902011
5.309588225,3.628216356,14.69902011,14.67908706
5.306225482,3.695210866,14.67908706,14.65955045
5.303003453,3.762199423,14.65955045,14.64040927
5.299921844,3.829181673,14.64040927,14.62166254
5.296980364,3.896157278,14.62166254,14.60330931
5.294178718,3.963125912,14.60330931,14.58534865
5.291516612,4.030087261,14.58534865,14.56777966
5.288993754,4.097041024,14.56777966,14.55060147
5.286609848,4.163986912,14.55060147,14.53381324
5.284364602,4.230924648,14.53381324,14.51741416
5.282257722,4.297853964,14.51741416,14.50140342
5.280288915,4.364774603,14.50140342,14.48578029
5.278457886,4.431686319,14.48578029,14.47054401
5.276764343,4.498588872,14.47054401,14.45569388
5.275207992,4.565482034,14.45569388,14.44122923
5.27378854,4.632365584,14.44122923,14.42714941
5.272505694,4.699239308,14.42714941,14.41345377
5.271359162,4.766103001,14.41345377,14.40014174
5.270348649,4.832956463,14.40014174,14.38721273
5.269473865,4.899799501,14.38721273,14.37466619
5.268734516,4.966631928,14.37466619,14.36250161
5.268130311,5.033453563,14.36250161,14.3507185
5.267660957,5.100264228,14.3507185,14.33931638
5.267326164,5.167063751,14.33931638,14.32829481
5.267125639,5.233851963,14.32829481,14.31765338
5.267059092,5.3006287,14.31765338,14.3073917
5.267126231,5.3673938,14.3073917,14.29750939
5.267326766,5.434147102,14.29750939,14.28800613
5.267660407,5.500888451,14.28800613,14.27888159
5.268126863,5.56761769,14.27888159,14.27013549
5.268725845,5.634334664,14.27013549,14.26176756
5.269457062,5.701039222,14.26176756,14.25377756
5.270320227,5.767731208,14.25377756,14.24616528
5.271315049,5.834410471,14.24616528,14.23893052
5.272441239,5.901076857,14.23893052,14.23207312
5.273698511,5.96773021,14.23207312,14.22559293
5.275086574,6.034370376,14.22559293,14.21948985
5.276605142,6.100997195,14.21948985,14.21376376
5.278253926,6.167610508,14.21376376,14.2084146
5.280032639,6.234210154,14.2084146,14.20344233
5.281940994,6.300795964,14.20344233,14.19884692
5.283978704,6.367367772,14.19884692,14.19462836
5.286145482,6.433925403,14.19462836,14.19078669
5.288441042,6.500468681,14.19078669,14.18732193
5.290865097,6.566997422,14.18732193,14.18423417
5.293417362,6.633511441,14.18423417,14.18152349
5.29609755,6.700010545,14.18152349,14.17919001
5.298905376,6.766494534,14.17919001,14.17723385
5.301840554,6.832963203,14.17723385,14.17565517
5.3049028,6.899416342,14.17565517,14.17445416
5.308091827,6.965853732,14.17445416,14.173631
5.31140735,7.032275145,14.173631,14.17318593
5.314849086,7.098680348,14.17318593,14.17311918
5.318416749,7.165069097,14.17311918,14.17343102
5.322110053,7.231441143,14.17343102,14.17412173
5.325928715,7.297796223,14.17412173,14.17519162
5.32987245,7.364134069,14.17519162,14.176641
5.333940974,7.4304544,14.176641,14.17847023
5.338134001,7.496756927,14.17847023,14.18067967
5.342451246,7.563041348,14.18067967,14.1832697
5.346892427,7.629307352,14.1832697,14.18624074
5.351457256,7.695554615,14.18624074,14.18959319
5.356145451,7.761782803,14.18959319,14.19332752
5.360956726,7.827991568,14.19332752,14.19744417
5.365890796,7.89418055,14.19744417,14.20194363
5.370947375,7.960349376,14.20194363,14.20682639
5.376126179,8.026497662,14.20682639,14.21209299
5.381426922,8.092625006,14.21209299,14.21774394
5.386849318,8.158730995,14.21774394,14.22377981
5.392393082,8.2248152,14.22377981,14.23020117
5.398057926,8.29087718,14.23020117,14.2370086
5.403843564,8.356916474,14.2370086,14.24420272
5.40974971,8.42293261,14.24420272,14.25178413
5.415776076,8.488925098,14.25178413,14.25975349
5.421922374,8.554893431,14.25975349,14.26811145
5.428188316,8.620837088,14.26811145,14.27685868
5.434573614,8.686755528,14.27685868,14.28599587
5.441077977,8.752648194,14.28599587,14.29552372
5.447701118,8.818514512,14.29552372,14.30544296
5.454442745,8.884353888,14.30544296,14.31575431
5.461302567,8.950165711,14.31575431,14.32645853
5.468280293,9.015949352,14.32645853,14.33755638
5.475375631,9.08170416,14.33755638,14.34904863
5.482588288,9.147429466,14.34904863,14.36093609
5.489917971,9.213124583,14.36093609,14.37321956
5.497364384,9.2787888,14.37321956,14.38589986
5.504927233,9.344421389,14.38589986,14.39897782
5.512606221,9.410021598,14.39897782,14.41245429
5.520401052,9.475588656,14.41245429,14.42633013
5.528311427,9.541121769,14.42633013,14.44060621
5.536337048,9.606620122,14.44060621,14.45528341
5.544477614,9.672082876,14.45528341,14.47036264
5.552732824,9.737509171,14.47036264,14.48584479
5.561102377,9.802898123,14.48584479,14.50173079
5.569585969,9.868248826,14.50173079,14.51802157
5.578183294,9.933560348,14.51802157,14.53471806
5.586894048,9.998831734,14.53471806,14.55182123
5.595717924,10.06406201,14.55182123,14.56933202
5.604654612,10.12925016,14.56933202,14.58725142
5.613703803,10.19439516,14.58725142,14.6055804
5.622865186,10.25949597,14.6055804,14.62431995
5.632138447,10.32455149,14.62431995,14.64347106
5.641523273,10.38956062,14.64347106,14.66303476
5.651019348,10.45452222,14.66303476,14.68301204
5.660626354,10.51943515,14.68301204,14.70340393
5.670343971,10.58429821,14.70340393,14.72421146
5.68017188,10.64911018,14.72421146,14.74543568
5.690109757,10.71386983,14.74543568,14.76707761
5.700157277,10.77857589,14.76707761,14.78913831
5.710314114,10.84322705,14.78913831,14.81161884
5.72057994,10.907822,14.81161884,14.83452026
5.730954424,10.97235936,14.83452026,14.85784363
5.741437234,11.03683777,14.85784363,14.88159003
5.752028035,11.1012558,14.88159003,14.90576052
5.76272649,11.165612,14.90576052,14.9303562
5.773532261,11.22990491,14.9303562,14.95537813
5.784445007,11.29413302,14.95537813,14.98082741
5.795464383,11.35829478,14.98082741,15.00670513
5.806590044,11.42238864,15.00670513,15.03301238
5.817821641,11.48641299,15.03301238,15.05975025
5.829158823,11.55036619,15.05975025,15.08691984
5.840601238,11.6142466,15.08691984,15.11452223
5.852148529,11.6780525,15.11452223,15.14255854
5.863800337,11.74178218,15.14255854,15.17102985
5.875556301,11.80543387,15.17102985,15.19993726
5.887416056,11.86900577,15.19993726,15.22928187
5.899379235,11.93249606,15.22928187,15.25906477
5.911445469,11.99590287,15.25906477,15.28928706
5.923614384,12.05922431,15.28928706,15.31994982
5.935885603,12.12245845,15.31994982,15.35105415
5.948258749,12.18560332,15.35105415,15.38260112
5.960733438,12.24865692,15.38260112,15.41459183
5.973309285,12.31161722,15.41459183,15.44702735
5.985985901,12.37448213,15.44702735,15.47990875
5.998762894,12.43724957,15.47990875,15.51323711
6.011639867,12.49991738,15.51323711,15.54701348
6.024616422,12.56248338,15.54701348,15.58123892
6.037692156,12.62494537,15.58123892,15.61591448
6.050866662,12.68730108,15.61591448,15.65104121
6.064139531,12.74954823,15.65104121,15.68662014
6.077510348,12.81168449,15.68662014,15.7226523
6.090978697,12.8737075,15.7226523,15.7591387
6.104544154,12.93561485,15.7591387,15.79608037
6.118206296,12.99740411,15.79608037,15.83347828
6.131964691,13.05907281,15.83347828,15.87133345
6.145818908,13.12061842,15.87133345,15.90964684
6.159768507,13.18203839,15.90964684,15.94841942
6.173813046,13.24333013,15.94841942,15.98765214
6.187952081,13.304491,15.98765214,16.02734596
6.202185158,13.36551834,16.02734596,16.06750179
6.216511825,13.42640944,16.06750179,16.10812055
6.23093162,13.48716155,16.10812055,16.14920314
6.24544408,13.54777187,16.14920314,16.19075045
6.260048735,13.60823759,16.19075045,16.23276335
6.274745113,13.66855583,16.23276335,16.27524268
6.289532735,13.72872369,16.27524268,16.31818929
6.304411116,13.78873821,16.31818929,16.361604
6.319379771,13.84859641,16.361604,16.40548759
6.334438204,13.90829526,16.40548759,16.44984086
6.349585918,13.96783168,16.44984086,16.49466457
6.36482241,14.02720258,16.49466457,16.53995945
6.38014717,14.08640479,16.53995945,16.58572623
6.395559685,14.14543513,16.58572623,16.6319656
6.411059436,14.20429037,16.6319656,16.67867824
6.426645898,14.26296722,16.67867824,16.7258648
6.442318541,14.32146238,16.7258648,16.77352592
6.458076828,14.37977249,16.77352592,16.82166219
6.47392022,14.43789415,16.82166219,16.8702742
6.489848167,14.49582392,16.8702742,16.9193625
6.505860119,14.55355833,16.9193625,16.96892761
6.521955515,14.61109385,16.96892761,17.01897004
6.538133792,14.66842692,17.01897004,17.06949026
6.554394378,14.72555393,17.06949026,17.12048871
6.570736697,14.78247125,17.12048871,17.1719658
6.587160166,14.83917518,17.1719658,17.22392191
6.603664196,14.895662,17.22392191,17.27635741
6.620248192,14.95192794,17.27635741,17.32927259
6.636911552,15.00796919,17.32927259,17.38266776
6.653653667,15.06378189,17.38266776,17.43654317
6.670473923,15.11936216,17.43654317,17.49089903
6.6873717,15.17470606,17.49089903,17.54573554
6.704346369,15.22980962,17.54573554,17.60105283
6.721397295,15.28466882,17.60105283,17.65685102
6.738523838,15.33927961,17.65685102,17.71313018
6.75572535,15.39363789,17.71313018,17.76989036
6.773001175,15.44773952,17.76989036,17.82713154
6.790350651,15.50158032,17.82713154,17.88485369
6.807773111,15.55515608,17.88485369,17.94305672
6.825267877,15.60846255,17.94305672,18.00174051
6.842834266,15.66149542,18.00174051,18.06090488
6.860471588,15.71425036,18.06090488,18.12054964
6.878179146,15.76672299,18.12054964,18.18067452
6.895956234,15.81890889,18.18067452,18.24127922
6.913802139,15.87080362,18.24127922,18.30236341
6.931716142,15.92240268,18.30236341,18.36392668
6.949697515,15.97370154,18.36392668,18.4259686
6.967745523,16.02469564,18.4259686,18.48848869
6.985859423,16.07538036,18.48848869,18.5514864
7.004038465,16.12575106,18.5514864,18.61496115
7.02228189,16.17580306,18.61496115,18.6789123
7.040588933,16.22553164,18.6789123,18.74333917
7.058958818,16.27493206,18.74333917,18.80824101
7.077390765,16.32399951,18.80824101,18.87361702
7.095883982,16.37272919,18.87361702,18.93946636
7.114437672,16.42111621,18.93946636,19.00578812
7.133051029,16.4691557,19.00578812,19.07258135
7.151723239,16.51684271,19.07258135,19.13984502
7.170453478,16.5641723,19.13984502,19.20757806
7.189240915,16.61113945,19.20757806,19.27577934
7.208084712,16.65773915,19.27577934,19.34444765
7.226984021,16.70396634,19.34444765,19.41358176
7.245937986,16.74981591,19.41358176,19.48318033
7.264945742,16.79528275,19.48318033,19.553242
7.284006416,16.8403617,19.553242,19.62376533
7.303119126,16.88504758,19.62376533,19.6947488
7.322282983,16.92933517,19.6947488,19.76619085
7.341497088,16.97321923,19.76619085,19.83808985
7.360760532,17.0166945,19.83808985,19.91044409
7.3800724,17.05975567,19.91044409,19.98325181
7.399431766,17.10239742,19.98325181,20.05651116
7.418837698,17.14461441,20.05651116,20.13022024
7.438289251,17.18640125,20.13022024,20.20437708
7.457785475,17.22775254,20.20437708,20.27897962
7.477325409,17.26866287,20.27897962,20.35402575
7.496908084,17.30912679,20.35402575,20.42951328
7.516532522,17.34913883,20.42951328,20.50543995
7.536197734,17.3886935,20.50543995,20.58180341
7.555902726,17.4277853,20.58180341,20.65860125
7.575646491,17.46640868,20.65860125,20.73583098
7.595428015,17.50455812,20.73583098,20.81349004
7.615246276,17.54222803,20.81349004,20.89157579
7.635100239,17.57941285,20.89157579,20.9700855
7.654988864,17.61610696,20.9700855,21.04901638
7.6749111,17.65230477,21.04901638,21.12836554
7.694865888,17.68800065,21.12836554,21.20813002
7.714852157,17.72318896,21.20813002,21.28830679
7.734868831,17.75786404,21.28830679,21.36889272
7.754914821,17.79202024,21.36889272,21.44988461
7.774989032,17.82565189,21.44988461,21.53127916
7.795090358,17.85875332,21.53127916,21.61307301
7.815217684,17.89131883,21.61307301,21.6952627
7.835369886,17.92334273,21.6952627,21.77784469
7.855545832,17.95481934,21.77784469,21.86081534
7.875744379,17.98574295,21.86081534,21.94417095
7.895964376,18.01610785,21.94417095,22.02790771
7.916204663,18.04590836,22.02790771,22.11202172
7.93646407,18.07513875,22.11202172,22.19650902
7.95674142,18.10379334,22.19650902,22.28136553
7.977035524,18.13186642,22.28136553,22.3665871
7.997345185,18.15935231,22.3665871,22.45216948
8.0176692,18.1862453,22.45216948,22.53810832
8.038006352,18.21253973,22.53810832,22.62439921
8.058355419,18.23822991,22.62439921,22.71103762
8.078715168,18.26331018,22.71103762,22.79801893
8.099084358,18.28777489,22.79801893,22.88533845
8.119461739,18.3116184,22.88533845,22.97299136
8.139846052,18.33483508,22.97299136,23.06097279
8.16023603,18.35741932,23.06097279,23.14927774
8.180630397,18.37936553,23.14927774,23.23790113
8.201027867,18.40066813,23.23790113,23.32683778
8.221427147,18.42132157,23.32683778,23.41608243
8.241826936,18.44132031,23.41608243,23.50562972
8.262225923,18.46065884,23.50562972,23.59547417
8.282622789,18.47933169,23.59547417,23.68561024
8.303016207,18.49733338,23.68561024,23.77603227
8.323404841,18.5146585,23.77603227,23.86673452
8.343787348,18.53130163,23.86673452,23.95771113
8.364162377,18.54725742,23.95771113,24.04895618
8.384528567,18.56252052,24.04895618,24.14046361
8.404884551,18.57708564,24.14046361,24.2322273
8.425228953,18.59094751,24.2322273,24.32424102
8.44556039,18.60410091,24.32424102,24.41649843
8.465877471,18.61654066,24.41649843,24.50899312
8.486178798,18.6282616,24.50899312,24.60171857
8.506462963,18.63925865,24.60171857,24.69466815
8.526728554,18.64952674,24.69466815,24.78783515
8.546974151,18.65906089,24.78783515,24.88121277
8.567198324,18.66785611,24.88121277,24.97479409
8.58739964,18.67590753,24.97479409,25.06857212
8.607576656,18.68321027,25.06857212,25.16253976
8.627727923,18.68975955,25.16253976,25.25668982
8.647851986,18.69555063,25.25668982,25.351015
8.667947383,18.70057882,25.351015,25.44550792
8.688012646,18.7048395,25.44550792,25.54016112
8.7080463,18.70832812,25.54016112,25.63496701
8.728046864,18.71104018,25.63496701,25.72991793
8.74801285,18.71297126,25.72991793,25.82500613
8.767942767,18.714117,25.82500613,25.92022376
8.787835116,18.7144731,25.92022376,26.01556286
8.807688392,18.71403536,26.01556286,26.11101542
8.827501086,18.71279963,26.11101542,26.2065733
8.847271683,18.71076184,26.2065733,26.3022283
8.866998663,18.70791801,26.3022283,26.39797211
8.886680502,18.70426423,26.39797211,26.49379634
8.906315669,18.69979668,26.49379634,26.58969251
8.925902631,18.69451161,26.58969251,26.68565205
8.945439849,18.68840536,26.68565205,26.78166632
8.96492578,18.68147438,26.78166632,26.87772657
8.984358877,18.67371518,26.87772657,26.97382399
9.00373759,18.66512437,26.97382399,27.06994968
9.023060363,18.65569866,27.06994968,27.16609464
9.04232564,18.64543487,27.16609464,27.26224982
9.061531858,18.63432987,27.26224982,27.35840606
9.080677455,18.62238069,27.35840606,27.45455414
9.099760861,18.60958442,27.45455414,27.55068476
9.118780508,18.59593826,27.55068476,27.64678855
9.137734824,18.58143953,27.64678855,27.74285605
9.156622233,18.56608564,27.74285605,27.83887773
9.17544116,18.54987413,27.83887773,27.934844
9.194190026,18.53280262,27.934844,28.03074519
9.212867251,18.51486887,28.03074519,28.12657157
9.231471254,18.49607075,28.12657157,28.22231332
9.250000453,18.47640624,28.22231332,28.31796059
9.268453265,18.45587344,28.31796059,28.41350343
9.286828105,18.43447056,28.41350343,28.50893184
9.30512339,18.41219596,28.50893184,28.60423578
9.323337535,18.38904809,28.60423578,28.69940512
9.341468956,18.36502554,28.69940512,28.79442969
9.359516069,18.34012705,28.79442969,28.88929926
9.377477291,18.31435144,28.88929926,28.98400354
9.39535104,18.28769771,28.98400354,29.0785322
9.413135733,18.26016495,29.0785322,29.17287486
9.430829791,18.23175242,29.17287486,29.26702108
9.448431637,18.20245948,29.26702108,29.36096039
9.465939692,18.17228566,29.36096039,29.45468225
9.483352384,18.1412306,29.45468225,29.54817612
9.500668141,18.10929411,29.54817612,29.64143137
9.517885393,18.07647611,29.64143137,29.73443739
9.535002574,18.04277668,29.73443739,29.82718347
9.552018122,18.00819603,29.82718347,29.91965893
9.568930478,17.97273455,29.91965893,30.01185302
9.585738086,17.93639273,30.01185302,30.10375498
9.602439396,17.89917124,30.10375498,30.19535401
9.619032859,17.86107089,30.19535401,30.28663929
9.635516935,17.82209264,30.28663929,30.37759999
9.651890087,17.78223759,30.37759999,30.46822526
9.668150782,17.74150702,30.46822526,30.55850423
9.684297494,17.69990234,30.55850423,30.648426
9.700328704,17.65742512,30.648426,30.73797969
9.716242897,17.61407709,30.73797969,30.8271544
9.732038565,17.56986014,30.8271544,30.91593921
9.747714208,17.52477631,30.91593921,31.00432322
9.763268333,17.47882779,31.00432322,31.09229551
9.778699451,17.43201695,31.09229551,31.17984518
9.794006086,17.3843463,31.17984518,31.26696131
9.809186767,17.33581853,31.26696131,31.35363303
9.82424003,17.28643648,31.35363303,31.43984945
9.839164423,17.23620315,31.43984945,31.52559968
9.853958501,17.1851217,31.52559968,31.61087289
9.868620827,17.13319546,31.61087289,31.69565824
9.883149976,17.08042793,31.69565824,31.77994492
9.897544532,17.02682276,31.77994492,31.86372214
9.911803089,16.97238377,31.86372214,31.94697914
9.92592425,16.91711493,31.94697914,32.02970519
9.939906631,16.8610204,32.02970519,32.11188961
9.953748859,16.80410448,32.11188961,32.19352174
9.96744957,16.74637166,32.19352174,32.27459097
9.981007414,16.68782657,32.27459097,32.35508671
9.994421053,16.62847402,32.35508671,32.43499845
10.00768916,16.56831898,32.43499845,32.51431571
10.02081042,16.50736657,32.51431571,32.59302806
10.03378353,16.44562211,32.59302806,32.67112513
10.04660721,16.38309103,32.67112513,32.74859661
10.05928018,16.31977898,32.74859661,32.82543225
10.07180117,16.25569174,32.82543225,32.90162186
10.08416895,16.19083526,32.90162186,32.97715532
10.09638229,16.12521564,32.97715532,33.05202258
10.10843995,16.05883916,33.05202258,33.12621366
10.12034075,15.99171225,33.12621366,33.19971867
10.13208349,15.92384151,33.19971867,33.27252778
10.14366701,15.85523369,33.27252778,33.34463125
10.15509014,15.78589569,33.34463125,33.41601943
10.16635176,15.71583458,33.41601943,33.48668274
10.17745072,15.64505759,33.48668274,33.55661172
10.18838593,15.57357209,33.55661172,33.62579699
10.19915631,15.50138561,33.62579699,33.69422925
10.20976077,15.42850584,33.69422925,33.76189933
10.22019826,15.35494062,33.76189933,33.82879813
10.23046774,15.28069792,33.82879813,33.89491669
10.2405682,15.20578589,33.89491669,33.96024614
10.25049864,15.13021281,33.96024614,34.0247777
10.26025806,15.0539871,34.0247777,34.08850276
10.26984552,14.97711734,34.08850276,34.15141276
10.27926007,14.89961224,34.15141276,34.21349932
10.28850077,14.82148066,34.21349932,34.27475414
10.29756673,14.74273158,34.27475414,34.33516905
10.30645706,14.66337415,34.33516905,34.39473604
10.31517089,14.58341763,34.39473604,34.45344719
10.32370739,14.50287142,34.45344719,34.51129473
10.33206572,14.42174505,34.51129473,34.56827103
10.34024507,14.34004818,34.56827103,34.62436858
10.34824468,14.2577906,34.62436858,34.67958004
10.35606377,14.17498222,34.67958004,34.73389818
10.36370161,14.09163308,34.73389818,34.78731593
10.37115747,14.00775333,34.78731593,34.83982637
10.37843066,13.92335326,34.83982637,34.89142273
10.38552051,13.83844324,34.89142273,34.94209837
10.39242635,13.75303379,34.94209837,34.99184683
10.39914757,13.66713551,34.99184683,35.0406618
10.40568355,13.58075912,35.0406618,35.08853711
10.4120337,13.49391547,35.08853711,35.13546678
10.41819746,13.40661546,35.13546678,35.18144497
10.4241743,13.31887015,35.18144497,35.22646601
10.42996369,13.23069064,35.22646601,35.27052439
10.43556514,13.14208817,35.27052439,35.31361478
10.44097819,13.05307405,35.31361478,35.355732
10.44620238,12.96365969,35.355732,35.39687106
10.45123729,12.87385656,35.39687106,35.43702713
10.45608253,12.78367625,35.43702713,35.47619557
10.46073772,12.69313041,35.47619557,35.51437189
10.46520251,12.60223076,35.51437189,35.55155179
10.46947656,12.5109891,35.55155179,35.58773116
10.47355959,12.41941732,35.58773116,35.62290605
10.4774513,12.32752735,35.62290605,35.6570727
10.48115145,12.23533119,35.6570727,35.69022754
10.48465981,12.14284092,35.69022754,35.72236715
10.48797618,12.05006866,35.72236715,35.75348834
10.49110036,11.95702659,35.75348834,35.78358807
10.49403221,11.86372694,35.78358807,35.8126635
10.4967716,11.77018199,35.8126635,35.84071198
10.49931842,11.67640406,35.84071198,35.86773103
10.5016726,11.58240553,35.86773103,35.89371838
10.50383406,11.48819878,35.89371838,35.91867193
10.50580279,11.39379628,35.91867193,35.94258978
10.50757878,11.29921048,35.94258978,35.96547022
10.50916204,11.20445388,35.96547022,35.98731172
10.51055262,11.10953901,35.98731172,36.00811295
10.5117506,11.01447841,36.00811295,36.02787276
10.51275605,10.91928464,36.02787276,36.04659021
10.51356911,10.82397029,36.04659021,36.06426453
10.51418991,10.72854794,36.06426453,36.08089515
10.51461863,10.63303018,36.08089515,36.09648169
10.51485545,10.53742962,36.09648169,36.11102395
10.5149006,10.44175886,36.11102395,36.12452194
10.51475432,10.34603049,36.12452194,36.13697585
10.51441687,10.2502571,36.13697585,36.14838606
10.51388855,10.15445129,36.14838606,36.15875313
10.51316967,10.05862562,36.15875313,36.16807783
10.51226059,9.962792635,36.16807783,36.1763611
10.51116165,9.866964879,36.1763611,36.18360406
10.50987326,9.771154861,36.18360406,36.18980805
10.50839582,9.675375065,36.18980805,36.19497457
10.50672978,9.579637945,36.19497457,36.1991053
10.5048756,9.483955924,36.1991053,36.20220213
10.50283376,9.388341387,36.20220213,36.20426711
10.50060477,9.29280668,36.20426711,36.20530249
10.49818918,9.197364107,36.20530249,36.20531069
10.49558753,9.102025925,36.20531069,36.2042943
10.4928004,9.006804343,36.2042943,36.20225612
10.48982841,8.911711516,36.20225612,36.19919909
10.48667218,8.816759545,36.19919909,36.19512636
10.48333235,8.721960472,36.19512636,36.19004124
10.47980961,8.627326279,36.19004124,36.1839472
10.47610464,8.53286888,36.1839472,36.1768479
10.47221817,8.438600123,36.1768479,36.16874716
10.46815093,8.344531788,36.16874716,36.15964899
10.46390369,8.250675578,36.15964899,36.14955753
10.45947724,8.157043121,36.14955753,36.13847712
10.45487237,8.063645967,36.13847712,36.12641224
10.45008992,7.970495581,36.12641224,36.11336753
10.44513073,7.877603347,36.11336753,36.09934782
10.43999567,7.784980559,36.09934782,36.08435805
10.43468564,7.692638422,36.08435805,36.06840336
10.42920155,7.600588049,36.06840336,36.05148902
10.42354432,7.508840456,36.05148902,36.03362044
10.41771491,7.417406563,36.03362044,36.01480322
10.4117143,7.326297189,36.01480322,35.99504306
10.40554346,7.235523051,35.99504306,35.97434582
10.39920342,7.14509476,35.97434582,35.95271753
10.39269521,7.05502282,35.95271753,35.93016432
10.38601986,6.965317628,35.93016432,35.90669247
10.37917846,6.875989467,35.90669247,35.88230841
10.37217208,6.787048505,35.88230841,35.85701869
10.36500183,6.698504797,35.85701869,35.83082999
10.35766884,6.610368279,35.83082999,35.80374912
10.35017424,6.522648767,35.80374912,35.775783
10.34251918,6.435355955,35.775783,35.74693871
10.33470486,6.348499414,35.74693871,35.71722341
10.32673245,6.26208859,35.71722341,35.68664439
10.31860316,6.1761328,35.68664439,35.65520907
10.31031822,6.090641234,35.65520907,35.62292496
10.30187886,6.005622951,35.62292496,35.58979969
10.29328635,5.921086879,35.58979969,35.555841
10.28454195,5.83704181,35.555841,35.52105673
10.27564695,5.753496405,35.52105673,35.48545481
10.26660265,5.670459185,35.48545481,35.44904328
10.25741037,5.587938535,35.44904328,35.41183028
10.24807142,5.505942703,35.41183028,35.37382402
10.23858716,5.424479794,35.37382402,35.33503284
10.22895895,5.343557774,35.33503284,35.29546512
10.21918815,5.263184467,35.29546512,35.25512935
10.20927614,5.183367552,35.25512935,35.2140341
10.19922432,5.104114565,35.2140341,35.17218802
10.1890341,5.025432899,35.17218802,35.12959982
10.1787069,4.947329797,35.12959982,35.08627831
10.16824415,4.869812361,35.08627831,35.04223234
10.15764728,4.79288754,35.04223234,34.99747085
10.14691776,4.716562141,34.99747085,34.95200283
10.13605705,4.640842817,34.95200283,34.90583734
10.12506662,4.565736077,34.90583734,34.85898349
10.11394796,4.491248278,34.85898349,34.81145045
10.10270256,4.417385627,34.81145045,34.76324745
10.09133193,4.344154184,34.76324745,34.71438376
10.07983757,4.271559855,34.71438376,34.6648687
10.06822102,4.199608397,34.6648687,34.61471163
10.05648379,4.128305418,34.61471163,34.56392197
10.04462744,4.057656372,34.56392197,34.51250916
10.03265349,3.987666565,34.51250916,34.46048268
10.02056352,3.918341151,34.46048268,34.40785204
10.00835908,3.849685132,34.40785204,34.3546268
9.996041728,3.781703363,34.3546268,34.30081653
9.983613052,3.714400545,34.30081653,34.24643082
9.971074627,3.64778123,34.24643082,34.19147931
9.95842804,3.581849821,34.19147931,34.13597162
9.945674883,3.51661057,34.13597162,34.07991743
9.932816755,3.452067581,34.07991743,34.0233264
9.919855256,3.388224808,34.0233264,33.96620823
9.906791995,3.325086057,33.96620823,33.90857261
9.893628584,3.262654987,33.90857261,33.85042925
9.880366636,3.200935109,33.85042925,33.79178785
9.867007773,3.139929788,33.79178785,33.73265813
9.853553617,3.079642242,33.73265813,33.67304979
9.840005795,3.020075546,33.67304979,33.61297255
9.826365934,2.961232627,33.61297255,33.55243612
9.812635668,2.903116272,33.55243612,33.49145018
9.798816629,2.845729124,33.49145018,33.43002442
9.784910454,2.789073681,33.43002442,33.36816852
9.77091878,2.733152305,33.36816852,33.30589215
9.756843247,2.677967214,33.30589215,33.24320494
9.742685495,2.623520489,33.24320494,33.18011653
9.728447165,2.569814071,33.18011653,33.11663652
9.714129899,2.516849767,33.11663652,33.0527745
9.699735339,2.464629246,33.0527745,32.98854002
9.685265126,2.413154041,32.98854002,32.92394261
9.670720904,2.362425554,32.92394261,32.85899179
9.656104314,2.312445054,32.85899179,32.79369702
9.641416995,2.263213677,32.79369702,32.72806775
9.626660588,2.214732432,32.72806775,32.66211338
9.611836732,2.167002196,32.66211338,32.59584328
9.596947063,2.120023721,32.59584328,32.52926679
9.581993216,2.073797632,32.52926679,32.46239319
9.566976825,2.028324431,32.46239319,32.39523175
9.55189952,1.983604494,32.39523175,32.32779165
9.53676293,1.939638078,32.32779165,32.26008208
9.521568681,1.896425317,32.26008208,32.19211213
9.506318394,1.853966228,32.19211213,32.1238909
9.49101369,1.812260709,32.1238909,32.05542738
9.475656184,1.771308543,32.05542738,31.98673055
9.460247488,1.731109399,31.98673055,31.91780932
9.444789212,1.691662832,31.91780932,31.84867256
9.429282959,1.652968286,31.84867256,31.77932908
9.41373033,1.615025095,31.77932908,31.70978761
9.39813292,1.577832485,31.70978761,31.64005686
9.382492319,1.541389575,31.64005686,31.57014545
9.366810113,1.50569538,31.57014545,31.50006195
9.351087884,1.470748811,31.50006195,31.42981489
9.335327206,1.436548675,31.42981489,31.3594127
9.319529649,1.403093682,31.3594127,31.28886378
9.303696777,1.370382442,31.28886378,31.21817643
9.287830148,1.338413468,31.21817643,31.14735891
9.271931315,1.307185179,31.14735891,31.07641942
9.256001822,1.276695898,31.07641942,31.00536607
9.240043211,1.246943858,31.00536607,30.93420691
9.224057012,1.217927202,30.93420691,30.86294992
9.208044752,1.189643983,30.86294992,30.79160302
9.192007951,1.162092168,30.79160302,30.72017403
9.175948119,1.135269639,30.72017403,30.64867075
9.159866762,1.109174193,30.64867075,30.57710085
9.143765377,1.083803548,30.57710085,30.50547196
9.127645453,1.059155339,30.50547196,30.43379162
9.111508473,1.035227124,30.43379162,30.36206733
9.09535591,1.012016384,30.36206733,30.29030646
9.079189231,0.989520524,30.29030646,30.21851636
9.063009894,0.967736878,30.21851636,30.14670426
9.046819348,0.946662705,30.14670426,30.07487733
9.030619035,0.926295197,30.07487733,30.00304268
9.014410387,0.906631475,30.00304268,29.93120731
8.998194829,0.887668595,29.93120731,29.85937817
8.981973777,0.869403547,29.85937817,29.78756212
8.965748636,0.851833257,29.78756212,29.71576595
8.949520805,0.834954591,29.71576595,29.64399635
8.933291673,0.818764354,29.64399635,29.57225995
8.917062618,0.80325929,29.57225995,29.50056331
8.900835012,0.788436091,29.50056331,29.42891288
8.884610214,0.774291388,29.42891288,29.35731505
8.868389576,0.760821763,29.35731505,29.28577614
8.852174441,0.748023742,29.28577614,29.21430238
8.835966139,0.735893804,29.21430238,29.1428999
8.819765995,0.724428375,29.1428999,29.07157479
8.803575319,0.713623837,29.07157479,29.00033304
8.787395416,0.703476524,29.00033304,28.92918054
8.771227579,0.693982726,28.92918054,28.85812314
8.755073089,0.685138689,28.85812314,28.78716658
8.73893322,0.676940619,28.78716658,28.71631654
8.722809235,0.669384683,28.71631654,28.64557862
8.706702386,0.662467005,28.64557862,28.57495831
8.690613915,0.656183677,28.57495831,28.50446106
8.674545054,0.650530753,28.50446106,28.43409222
8.658497026,0.645504252,28.43409222,28.36385707
8.64247104,0.641100162,28.36385707,28.29376081
8.626468299,0.637314437,28.29376081,28.22380855
8.610489991,0.634143005,28.22380855,28.15400535
8.594537297,0.63158176,28.15400535,28.08435615
8.578611386,0.629626574,28.08435615,28.01486586
8.562713416,0.628273289,28.01486586,27.94553927
8.546844536,0.627517723,27.94553927,27.87638113
8.531005882,0.627355673,27.87638113,27.80739609
8.515198582,0.62778291,27.80739609,27.73858873
8.499423751,0.628795188,27.73858873,27.66996356
8.483682493,0.630388238,27.66996356,27.601525
8.467975905,0.632557774,27.601525,27.53327742
8.452305069,0.635299493,27.53327742,27.46522509
8.436671057,0.638609075,27.46522509,27.39737222
8.421074934,0.642482186,27.39737222,27.32972295
8.405517748,0.646914478,27.32972295,27.26228134
8.390000541,0.651901589,27.26228134,27.19505138
8.374524344,0.657439147,27.19505138,27.12803699
8.359090173,0.66352277,27.12803699,27.061242
8.343699038,0.670148065,27.061242,26.9946702
8.328351936,0.677310631,26.9946702,26.9283253
8.313049854,0.68500606,26.9283253,26.86221092
8.297793766,0.69322994,26.86221092,26.79633063
8.282584639,0.701977849,26.79633063,26.73068794
8.267423425,0.711245364,26.73068794,26.66528628
8.252311069,0.721028059,26.66528628,26.60012899
8.237248503,0.731321504,26.60012899,26.53521939
8.222236649,0.742121268,26.53521939,26.47056071
8.207276418,0.753422919,26.47056071,26.40615609
8.192368711,0.765222028,26.40615609,26.34200866
8.177514418,0.777514162,26.34200866,26.27812143
8.162714417,0.790294896,26.27812143,26.2144974
8.147969578,0.803559805,26.2144974,26.15113945
8.133280759,0.817304466,26.15113945,26.08805045
8.118648806,0.831524463,26.08805045,26.02523317
8.104074557,0.846215386,26.02523317,25.96269034
8.089558839,0.861372828,25.96269034,25.90042462
8.075102467,0.876992391,25.90042462,25.83843863
8.060706247,0.893069685,25.83843863,25.7767349
8.046370974,0.909600327,25.7767349,25.71531592
8.032097432,0.926579942,25.71531592,25.65418412
8.017886397,0.944004168,25.65418412,25.59334188
8.003738633,0.961868649,25.59334188,25.53279152
7.989654893,0.980169043,25.53279152,25.47253528
7.975635921,0.998901018,25.47253528,25.41257539
7.961682452,1.018060255,25.41257539,25.352914
7.947795207,1.037642448,25.352914,25.2935532
7.933974902,1.057643303,25.2935532,25.23449504
7.920222238,1.078058541,25.23449504,25.17574152
7.906537911,1.098883896,25.17574152,25.11729457
7.892922603,1.120115119,25.11729457,25.0591561
7.879376988,1.141747975,25.0591561,25.00132795
7.86590173,1.163778244,25.00132795,24.94381191
7.852497483,1.186201726,24.94381191,24.88660972
7.839164892,1.209014233,24.88660972,24.82972309
7.82590459,1.232211599,24.82972309,24.77315366
7.812717204,1.255789672,24.77315366,24.71690305
7.799603349,1.27974432,24.71690305,24.66097281
7.786563631,1.30407143,24.66097281,24.60536445
7.773598647,1.328766906,24.60536445,24.55007944
7.760708983,1.353826674,24.55007944,24.49511922
7.747895219,1.379246676,24.49511922,24.44048516
7.735157921,1.405022879,24.44048516,24.38617861
7.722497651,1.431151265,24.38617861,24.33220086
7.709914959,1.457627841,24.33220086,24.27855318
7.697410384,1.484448633,24.27855318,24.22523678
7.684984461,1.511609688,24.22523678,24.17225285
7.672637711,1.539107075,24.17225285,24.11960252
7.66037065,1.566936885,24.11960252,24.06728689
7.648183783,1.595095231,24.06728689,24.01530704
7.636077605,1.623578248,24.01530704,23.96366399
7.624052607,1.652382095,23.96366399,23.91235874
7.612109266,1.681502951,23.91235874,23.86139223
7.600248053,1.71093702,23.86139223,23.8107654
7.588469431,1.740680528,23.8107654,23.76047912
7.576773853,1.770729726,23.76047912,23.71053427
7.565161765,1.801080887,23.71053427,23.66093164
7.553633603,1.831730309,23.66093164,23.61167204
7.542189797,1.862674311,23.61167204,23.56275623
7.530830766,1.893909239,23.56275623,23.51418492
7.519556923,1.925431462,23.51418492,23.46595882
7.508368672,1.957237372,23.46595882,23.41807859
7.497266409,1.989323387,23.41807859,23.37054487
7.486250523,2.02168595,23.37054487,23.32335826
7.475321394,2.054321524,23.32335826,23.27651935
7.464479394,2.087226603,23.27651935,23.2300287
7.453724889,2.1203977,23.2300287,23.18388681
7.443058234,2.153831356,23.18388681,23.13809421
7.43247978,2.187524136,23.13809421,23.09265135
7.421989869,2.221472628,23.09265135,23.0475587
7.411588835,2.255673448,23.0475587,23.00281666
7.401277004,2.290123233,23.00281666,22.95842566
7.391054696,2.324818648,22.95842566,22.91438605
7.380922224,2.359756381,22.91438605,22.8706982
7.370879893,2.394933146,22.8706982,22.82736243
7.360927999,2.43034568,22.82736243,22.78437907
7.351066834,2.465990747,22.78437907,22.74174839
7.341296682,2.501865134,22.74174839,22.69947066
7.331617819,2.537965654,22.69947066,22.65754613
7.322030515,2.574289144,22.65754613,22.61597503
7.312535032,2.610832465,22.61597503,22.57475757
7.303131627,2.647592504,22.57475757,22.53389393
7.293820549,2.684566171,22.53389393,22.49338429
7.28460204,2.721750401,22.49338429,22.4532288
7.275476337,2.759142155,22.4532288,22.4134276
7.266443668,2.796738416,22.4134276,22.3739808
7.257504258,2.834536191,22.3739808,22.33488851
7.248658322,2.872532513,22.33488851,22.29615081
7.23990607,2.910724438,22.29615081,22.25776778
7.231247707,2.949109046,22.25776778,22.21973947
7.222683429,2.98768344,22.21973947,22.18206593
7.214213429,3.026444749,22.18206593,22.14474717
7.205837892,3.065390122,22.14474717,22.10778321
7.197556997,3.104516735,22.10778321,22.07117406
7.189370916,3.143821784,22.07117406,22.0349197
7.181279818,3.183302491,22.0349197,21.9990201
7.173283863,3.2229561,21.9990201,21.96347522
7.165383208,3.262779876,21.96347522,21.92828502
7.157578001,3.302771109,21.92828502,21.89344944
7.149868387,3.342927112,21.89344944,21.8589684
7.142254505,3.383245217,21.8589684,21.82484181
7.134736486,3.423722783,21.82484181,21.79106959
7.127314459,3.464357186,21.79106959,21.75765164
7.119988544,3.505145829,21.75765164,21.72458783
7.112758859,3.546086132,21.72458783,21.69187805
7.105625513,3.587175539,21.69187805,21.65952217
7.098588613,3.628411516,21.65952217,21.62752005
7.091648259,3.669791548,21.62752005,21.59587153
7.084804546,3.711313143,21.59587153,21.56457647
7.078057563,3.752973828,21.56457647,21.5336347
7.071407395,3.794771152,21.5336347,21.50304604
7.064854123,3.836702685,21.50304604,21.47281033
7.05839782,3.878766014,21.47281033,21.44292738
7.052038556,3.920958749,21.44292738,21.41339699
7.045776397,3.963278519,21.41339699,21.38421897
7.039611401,4.005722973,21.38421897,21.35539312
7.033543624,4.048289777,21.35539312,21.32691923
7.027573116,4.09097662,21.32691923,21.29879708
7.021699923,4.133781206,21.29879708,21.27102646
7.015924086,4.176701261,21.27102646,21.24360714
7.01024564,4.219734528,21.24360714,21.2165389
7.004664618,4.262878767,21.2165389,21.1898215
6.999181046,4.306131758,21.1898215,21.1634547
6.993794948,4.349491298,21.1634547,21.13743827
6.988506341,4.392955203,21.13743827,21.11177197
6.983315238,4.436521304,21.11177197,21.08645554
6.97822165,4.48018745,21.08645554,21.06148873
6.973225582,4.523951509,21.06148873,21.03687129
6.968327034,4.567811361,21.03687129,21.01260297
6.963526003,4.611764908,21.01260297,20.98868351
6.95882248,4.655810064,20.98868351,20.96511264
6.954216456,4.699944761,20.96511264,20.94189011
6.949707912,4.744166945,20.94189011,20.91901564
6.94529683,4.788474581,20.91901564,20.89648898
6.940983186,4.832865644,20.89648898,20.87430985
6.936766951,4.877338129,20.87430985,20.85247798
6.932648093,4.921890043,20.85247798,20.8309931
6.928626577,4.966519408,20.8309931,20.80985495
6.924702363,5.01122426,20.80985495,20.78906324
6.920875406,5.05600265,20.78906324,20.7686177
6.917145661,5.100852643,20.7686177,20.74851806
6.913513075,5.145772315,20.74851806,20.72876404
6.909977593,5.190759758,20.72876404,20.70935537
6.906539158,5.235813075,20.70935537,20.69029177
6.903197705,5.280930385,20.69029177,20.67157297
6.899953171,5.326109816,20.67157297,20.65319868
6.896805484,5.371349509,20.65319868,20.63516864
6.893754572,5.416647619,20.63516864,20.61748256
6.890800358,5.462002311,20.61748256,20.60014017
6.887942762,5.507411763,20.60014017,20.5831412
6.8851817,5.552874162,20.5831412,20.56648537
6.882517085,5.598387708,20.56648537,20.55017241
6.879948826,5.643950612,20.55017241,20.53420204
6.87747683,5.689561094,20.53420204,20.518574
6.875100998,5.735217385,20.518574,20.503288
6.872821231,5.780917727,20.503288,20.48834378
6.870637424,5.826660371,20.48834378,20.47374106
6.86854947,5.872443577,20.47374106,20.45947959
6.866557258,5.918265615,20.45947959,20.44555909
6.864660675,5.964124765,20.44555909,20.43197929
6.862859603,6.010019314,20.43197929,20.41873993
6.861153923,6.055947558,20.41873993,20.40584075
6.85954351,6.101907803,20.40584075,20.39328147
6.858028238,6.147898361,20.39328147,20.38106185
6.856607979,6.193917553,20.38106185,20.36918162
6.855282598,6.239963707,20.36918162,20.35764051
6.85405196,6.28603516,20.35764051,20.34643828
6.852915926,6.332130254,20.34643828,20.33557467
6.851874355,6.378247339,20.33557467,20.32504942
6.850927101,6.424384771,20.32504942,20.31486228
6.850074016,6.470540913,20.31486228,20.305013
6.84931495,6.516714134,20.305013,20.29550133
6.848649749,6.562902809,20.29550133,20.28632701
6.848078255,6.60910532,20.28632701,20.27748981
6.847600309,6.65532005,20.27748981,20.26898947
6.847215748,6.701545394,20.26898947,20.26082576
6.846924408,6.747779745,20.26082576,20.25299843
6.846726118,6.794021506,20.25299843,20.24550724
6.846620709,6.840269083,20.24550724,20.23835195
6.846608006,6.886520885,20.23835195,20.23153232
6.846687832,6.932775325,20.23153232,20.22504812
6.846860007,6.979030823,20.22504812,20.2188991
6.847124348,7.025285799,20.2188991,20.21308504
6.847480671,7.071538679,20.21308504,20.20760571
6.847928787,7.11778789,20.20760571,20.20246086
6.848468505,7.164031863,20.20246086,20.19765028
6.849099632,7.210269033,20.19765028,20.19317373
6.849821971,7.256497834,20.19317373,20.18903099
6.850635323,7.302716706,20.18903099,20.18522182
6.851539485,7.34892409,20.18522182,20.181746
6.852534255,7.395118427,20.181746,20.17860332
6.853619423,7.441298162,20.17860332,20.17579353
6.85479478,7.48746174,20.17579353,20.17331643
6.856060114,7.533607608,20.17331643,20.17117179
6.857415209,7.579734213,20.17117179,20.16935938
6.858859847,7.625840005,20.16935938,20.16787899
6.860393808,7.671923431,20.16787899,20.1667304
6.862016867,7.717982942,20.1667304,20.16591338
6.863728799,7.764016988,20.16591338,20.16542772
6.865529375,7.810024017,20.16542772,20.16527319
6.867418365,7.856002479,20.16527319,20.16544958
6.869395533,7.901950823,20.16544958,20.16595668
6.871460643,7.947867498,20.16595668,20.16679425
6.873613457,7.993750951,20.16679425,20.16796209
6.875853732,8.039599628,20.16796209,20.16945997
6.878181224,8.085411976,20.16945997,20.17128767
6.880595685,8.131186437,20.17128767,20.17344498
6.883096867,8.176921455,20.17344498,20.17593166
6.885684516,8.22261547,20.17593166,20.17874752
6.888358378,8.268266921,20.17874752,20.18189231
6.891118195,8.313874244,20.18189231,20.18536582
6.893963707,8.359435874,20.18536582,20.18916782
6.896894652,8.404950242,20.18916782,20.1932981
6.899910763,8.450415779,20.1932981,20.19775642
6.903011773,8.495830909,20.19775642,20.20254256
6.906197411,8.541194058,20.20254256,20.20765628
6.909467404,8.586503644,20.20765628,20.21309737
6.912821477,8.631758085,20.21309737,20.21886558
6.91625935,8.676955795,20.21886558,20.22496068
6.919780743,8.722095183,20.22496068,20.23138244
6.923385372,8.767174655,20.23138244,20.23813061
6.92707295,8.812192614,20.23813061,20.24520496
6.93084319,8.857147457,20.24520496,20.25260525
6.934695798,8.902037578,20.25260525,20.26033123
6.938630482,8.946861366,20.26033123,20.26838264
6.942646944,8.991617206,20.26838264,20.27675924
6.946744884,9.036303478,20.27675924,20.28546078
6.950924001,9.080918558,20.28546078,20.29448699
6.95518399,9.125460815,20.29448699,20.30383762
6.959524544,9.169928615,20.30383762,20.3135124
6.963945352,9.214320318,20.3135124,20.32351105
6.968446102,9.258634277,20.32351105,20.33383332
6.973026478,9.302868842,20.33383332,20.34447891
6.977686163,9.347022357,20.34447891,20.35544756
6.982424836,9.391093158,20.35544756,20.36673897
6.987242172,9.435079578,20.36673897,20.37835285
6.992137847,9.478979941,20.37835285,20.39028891
6.997111531,9.522792569,20.39028891,20.40254685
7.002162893,9.566515774,20.40254685,20.41512636
7.007291599,9.610147862,20.41512636,20.42802713
7.012497312,9.653687136,20.42802713,20.44124884
7.017779691,9.697131888,20.44124884,20.45479118
7.023138396,9.740480407,20.45479118,20.46865381
7.02857308,9.783730972,20.46865381,20.48283641
7.034083395,9.826881858,20.48283641,20.49733862
7.039668992,9.869931332,20.49733862,20.5121601
7.045329517,9.912877653,20.5121601,20.52730049
7.051064613,9.955719075,20.52730049,20.54275944
7.056873922,9.998453843,20.54275944,20.55853658
7.062757082,10.0410802,20.55853658,20.57463152
7.068713728,10.08359636,20.57463152,20.5910439
7.074743494,10.12600057,20.5910439,20.6077733
7.080846008,10.16829103,20.6077733,20.62481934
7.087020898,10.21046596,20.62481934,20.64218161
7.093267788,10.25252356,20.64218161,20.65985969
7.099586299,10.29446201,20.65985969,20.67785315
7.105976051,10.33627951,20.67785315,20.69616156
7.112436658,10.37797423,20.69616156,20.71478448
7.118967733,10.41954434,20.71478448,20.73372146
7.125568886,10.46098801,20.73372146,20.75297203
7.132239724,10.50230339,20.75297203,20.77253571
7.138979852,10.54348863,20.77253571,20.79241204
7.145788869,10.58454186,20.79241204,20.81260051
7.152666375,10.62546122,20.81260051,20.83310062
7.159611965,10.66624483,20.83310062,20.85391186
7.166625231,10.70689081,20.85391186,20.8750337
7.173705762,10.74739725,20.8750337,20.89646561
7.180853145,10.78776226,20.89646561,20.91820704
7.188066963,10.82798394,20.91820704,20.94025742
7.195346797,10.86806036,20.94025742,20.9626162
7.202692224,10.90798959,20.9626162,20.98528278
7.210102819,10.94776971,20.98528278,21.00825657
7.217578153,10.98739878,21.00825657,21.03153697
7.225117794,11.02687483,21.03153697,21.05512334
7.232721308,11.06619592,21.05512334,21.07901505
7.240388257,11.10536008,21.07901505,21.10321146
7.248118201,11.14436534,21.10321146,21.12771191
7.255910695,11.18320972,21.12771191,21.15251572
7.263765293,11.22189122,21.15251572,21.17762219
7.271681545,11.26040784,21.17762219,21.20303063
7.279658998,11.29875759,21.20303063,21.22874032
7.287697195,11.33693846,21.22874032,21.25475052
7.295795677,11.37494841,21.25475052,21.28106048
7.303953983,11.41278542,21.28106048,21.30766945
7.312171646,11.45044746,21.30766945,21.33457664
7.320448197,11.48793248,21.33457664,21.36178125
7.328783166,11.52523844,21.36178125,21.38928247
7.337176076,11.56236326,21.38928247,21.41707948
7.345626451,11.5993049,21.41707948,21.44517143
7.354133808,11.63606127,21.44517143,21.47355745
7.362697663,11.67263029,21.47355745,21.50223668
7.371317528,11.70900989,21.50223668,21.53120821
7.379992913,11.74519795,21.53120821,21.56047114
7.388723323,11.78119239,21.56047114,21.59002452
7.397508261,11.8169911,21.59002452,21.61986741
7.406347226,11.85259195,21.61986741,21.64999884
7.415239716,11.88799284,21.64999884,21.68041783
7.424185222,11.92319163,21.68041783,21.71112336
7.433183235,11.95818618,21.71112336,21.74211442
7.442233241,11.99297437,21.74211442,21.77338996
7.451334723,12.02755404,21.77338996,21.80494892
7.460487162,12.06192304,21.80494892,21.83679021
7.469690034,12.09607922,21.83679021,21.86891273
7.478942812,12.1300204,21.86891273,21.90131536
7.488244967,12.16374444,21.90131536,21.93399695
7.497595966,12.19724914,21.93399695,21.96695634
7.506995272,12.23053233,21.96695634,22.00019234
7.516442346,12.26359182,22.00019234,22.03370374
7.525936645,12.29642544,22.03370374,22.06748932
7.535477623,12.32903098,22.06748932,22.10154781
7.54506473,12.36140625,22.10154781,22.13587796
7.554697413,12.39354905,22.13587796,22.17047847
7.564375116,12.42545717,22.17047847,22.20534801
7.57409728,12.4571284,22.20534801,22.24048525
7.583863342,12.48856053,22.24048525,22.27588883
7.593672737,12.51975134,22.27588883,22.31155735
7.603524894,12.55069862,22.31155735,22.34748942
7.613419241,12.58140013,22.34748942,22.38368358
7.623355203,12.61185367,22.38368358,22.4201384
7.6333322,12.64205699,22.4201384,22.45685239
7.64334965,12.67200787,22.45685239,22.49382403
7.653406966,12.70170408,22.49382403,22.53105181
7.66350356,12.73114338,22.53105181,22.56853417
7.67363884,12.76032354,22.56853417,22.60626953
7.683812209,12.78924232,22.60626953,22.64425628
7.69402307,12.81789749,22.64425628,22.68249279
7.704270818,12.84628681,22.68249279,22.72097742
7.71455485,12.87440804,22.72097742,22.75970847
7.724874557,12.90225894,22.75970847,22.79868425
7.735229326,12.92983728,22.79868425,22.83790301
7.745618541,12.95714081,22.83790301,22.87736301
7.756041586,12.9841673,22.87736301,22.91706245
7.766497837,13.01091452,22.91706245,22.95699952
7.776986671,13.03738023,22.95699952,22.99717239
7.787507458,13.0635622,22.99717239,23.03757918
7.798059567,13.08945819,23.03757918,23.07821801
7.808642365,13.11506599,23.07821801,23.11908696
7.819255212,13.14038336,23.11908696,23.16018407
7.829897468,13.16540808,23.16018407,23.20150738
7.840568489,13.19013793,23.20150738,23.24305487
